step,target_waypoint_cell,target_waypoint_world,target_world_observed,target_cell_observed,target_distance_to_waypoint_m,target_ticks_this_step,target_proxy_agent_name,target_motion_source
1,"[20, 20]","[-100.0, 100.0]","[-99.0729751586914, 99.97738647460938, -0.02492348477244377]","[20, 20]",0.9273006135735142,10,target,holoocean_agent_proxy
2,"[20, 20]","[-100.0, 100.0]","[-98.59104919433594, 99.63908386230469, 0.19137199223041534]","[20, 20]",1.4544424468607593,10,target,holoocean_agent_proxy
3,"[20, 20]","[-100.0, 100.0]","[-99.39085388183594, 99.65007781982422, 0.17395594716072083]","[20, 20]",0.7024987725635667,10,target,holoocean_agent_proxy
4,"[20, 20]","[-100.0, 100.0]","[-99.74091339111328, 99.86259460449219, 0.17779436707496643]","[20, 20]",0.2932679894210719,10,target,holoocean_agent_proxy
5,"[20, 20]","[-100.0, 100.0]","[-99.86967468261719, 99.93047332763672, 0.17850136756896973]","[20, 20]",0.14771136219276385,10,target,holoocean_agent_proxy
6,"[20, 20]","[-100.0, 100.0]","[-99.91083526611328, 99.95245361328125, 0.17822985351085663]","[20, 20]",0.10104953566987973,10,target,holoocean_agent_proxy
7,"[20, 20]","[-100.0, 100.0]","[-99.92408752441406, 99.95951843261719, 0.17816531658172607]","[20, 20]",0.08603174557891259,10,target,holoocean_agent_proxy
8,"[20, 20]","[-100.0, 100.0]","[-99.92835235595703, 99.9617919921875, 0.1781480312347412]","[20, 20]",0.0811987484996414,10,target,holoocean_agent_proxy
9,"[20, 20]","[-100.0, 100.0]","[-99.9297103881836, 99.96251678466797, 0.17814749479293823]","[20, 20]",0.07965940597900853,10,target,holoocean_agent_proxy
10,"[20, 20]","[-100.0, 100.0]","[-99.93014526367188, 99.96275329589844, 0.17814700305461884]","[20, 20]",0.07916439322006592,10,target,holoocean_agent_proxy
11,"[20, 20]","[-100.0, 100.0]","[-99.93029022216797, 99.96282958984375, 0.17817609012126923]","[20, 20]",0.07900058554577306,10,target,holoocean_agent_proxy
12,"[20, 20]","[-100.0, 100.0]","[-99.93033599853516, 99.96285247802734, 0.17811644077301025]","[20, 20]",0.07894942361285946,10,target,holoocean_agent_proxy
13,"[20, 20]","[-100.0, 100.0]","[-99.93034362792969, 99.96286010742188, 0.1781715452671051]","[20, 20]",0.07893910178556933,10,target,holoocean_agent_proxy
14,"[20, 20]","[-100.0, 100.0]","[-99.93035125732422, 99.96286010742188, 0.178196981549263]","[20, 20]",0.07893236964029306,10,target,holoocean_agent_proxy
15,"[20, 20]","[-100.0, 100.0]","[-99.93035125732422, 99.96286010742188, 0.17816424369812012]","[20, 20]",0.07893236964029306,10,target,holoocean_agent_proxy
16,"[20, 20]","[-100.0, 100.0]","[-99.93035125732422, 99.96286010742188, 0.17812110483646393]","[20, 20]",0.07893236964029306,10,target,holoocean_agent_proxy
17,"[20, 20]","[-100.0, 100.0]","[-99.93035125732422, 99.96286010742188, 0.17815952003002167]","[20, 20]",0.07893236964029306,10,target,holoocean_agent_proxy
18,"[20, 20]","[-100.0, 100.0]","[-99.93035125732422, 99.96286010742188, 0.17818257212638855]","[20, 20]",0.07893236964029306,10,target,holoocean_agent_proxy
19,"[20, 20]","[-100.0, 100.0]","[-99.93035125732422, 99.96286010742188, 0.17818212509155273]","[20, 20]",0.07893236964029306,10,target,holoocean_agent_proxy
20,"[20, 20]","[-100.0, 100.0]","[-99.93035125732422, 99.96286010742188, 0.1781613826751709]","[20, 20]",0.07893236964029306,10,target,holoocean_agent_proxy
21,"[20, 25]","[-75.0, 100.0]","[-100.11270141601562, 100.0605697631836, 0.1779889613389969]","[20, 20]",25.112774460544284,10,target,holoocean_agent_proxy
22,"[20, 25]","[-75.0, 100.0]","[-95.86405181884766, 103.83700561523438, 0.17309270799160004]","[19, 21]",21.213940472974375,10,target,holoocean_agent_proxy
23,"[20, 25]","[-75.0, 100.0]","[-85.3191146850586, 101.72528076171875, 0.178404301404953]","[20, 23]",10.462347804873854,10,target,holoocean_agent_proxy
24,"[20, 25]","[-75.0, 100.0]","[-78.36871337890625, 100.56745147705078, 0.17860710620880127]","[20, 24]",3.416171981623448,10,target,holoocean_agent_proxy
25,"[20, 25]","[-75.0, 100.0]","[-76.13423919677734, 100.19100189208984, 0.1780652403831482]","[20, 25]",1.150208797691973,10,target,holoocean_agent_proxy
26,"[20, 25]","[-75.0, 100.0]","[-75.41505432128906, 100.06989288330078, 0.1780940145254135]","[20, 25]",0.4208979742845301,10,target,holoocean_agent_proxy
27,"[20, 25]","[-75.0, 100.0]","[-75.18603515625, 100.03132629394531, 0.17810200154781342]","[20, 25]",0.18865422352364666,10,target,holoocean_agent_proxy
28,"[20, 25]","[-75.0, 100.0]","[-75.11236572265625, 100.0189208984375, 0.17815622687339783]","[20, 25]",0.1139476021061588,10,target,holoocean_agent_proxy
29,"[20, 25]","[-75.0, 100.0]","[-75.08891296386719, 100.01497650146484, 0.17808984220027924]","[20, 25]",0.09016546312072188,10,target,holoocean_agent_proxy
30,"[20, 25]","[-75.0, 100.0]","[-75.08136749267578, 100.01370239257812, 0.17816324532032013]","[20, 25]",0.08251317729131735,10,target,holoocean_agent_proxy
31,"[20, 25]","[-75.0, 100.0]","[-75.07896423339844, 100.01329803466797, 0.1780814379453659]","[20, 25]",0.08007613803270866,10,target,holoocean_agent_proxy
32,"[20, 25]","[-75.0, 100.0]","[-75.07819366455078, 100.01316833496094, 0.17812621593475342]","[20, 25]",0.07929473009931715,10,target,holoocean_agent_proxy
33,"[20, 25]","[-75.0, 100.0]","[-75.07794952392578, 100.01313018798828, 0.17816323041915894]","[20, 25]",0.07904764460035194,10,target,holoocean_agent_proxy
34,"[20, 25]","[-75.0, 100.0]","[-75.07787322998047, 100.01311492919922, 0.17817263305187225]","[20, 25]",0.0789698760002287,10,target,holoocean_agent_proxy
35,"[20, 25]","[-75.0, 100.0]","[-75.07784271240234, 100.01310729980469, 0.17810995876789093]","[20, 25]",0.07893851520217468,10,target,holoocean_agent_proxy
36,"[20, 25]","[-75.0, 100.0]","[-75.07783508300781, 100.01310729980469, 0.17817150056362152]","[20, 25]",0.0789309917269701,10,target,holoocean_agent_proxy
37,"[20, 25]","[-75.0, 100.0]","[-75.07783508300781, 100.01310729980469, 0.17801961302757263]","[20, 25]",0.0789309917269701,10,target,holoocean_agent_proxy
38,"[20, 25]","[-75.0, 100.0]","[-75.07783508300781, 100.01310729980469, 0.1781858503818512]","[20, 25]",0.0789309917269701,10,target,holoocean_agent_proxy
39,"[20, 25]","[-75.0, 100.0]","[-75.07783508300781, 100.01310729980469, 0.17821551859378815]","[20, 25]",0.0789309917269701,10,target,holoocean_agent_proxy
40,"[20, 25]","[-75.0, 100.0]","[-75.07783508300781, 100.01310729980469, 0.17815418541431427]","[20, 25]",0.0789309917269701,10,target,holoocean_agent_proxy
41,"[25, 25]","[-75.0, 75.0]","[-74.8739013671875, 99.97834014892578, 0.17795081436634064]","[20, 25]",24.978658439969006,10,target,holoocean_agent_proxy
42,"[25, 25]","[-75.0, 75.0]","[-72.68325805664062, 91.13359069824219, 0.17475555837154388]","[22, 25]",16.299081018588975,10,target,holoocean_agent_proxy
43,"[25, 25]","[-75.0, 75.0]","[-74.1541748046875, 81.23177337646484, 0.1771453619003296]","[24, 25]",6.288912439893043,10,target,holoocean_agent_proxy
44,"[25, 25]","[-75.0, 75.0]","[-74.72015380859375, 77.0542984008789, 0.1783808022737503]","[25, 25]",2.0732717647954924,10,target,holoocean_agent_proxy
45,"[25, 25]","[-75.0, 75.0]","[-74.90296173095703, 75.71244049072266, 0.17817331850528717]","[25, 25]",0.7190186913286711,10,target,holoocean_agent_proxy
46,"[25, 25]","[-75.0, 75.0]","[-74.96162414550781, 75.28172302246094, 0.1781514286994934]","[25, 25]",0.2843247572627671,10,target,holoocean_agent_proxy
47,"[25, 25]","[-75.0, 75.0]","[-74.98045349121094, 75.14350891113281, 0.17815035581588745]","[25, 25]",0.1448339517529173,10,target,holoocean_agent_proxy
48,"[25, 25]","[-75.0, 75.0]","[-74.98649597167969, 75.09915924072266, 0.1781499683856964]","[25, 25]",0.10007454122587568,10,target,holoocean_agent_proxy
49,"[25, 25]","[-75.0, 75.0]","[-74.98843383789062, 75.08493041992188, 0.1781494915485382]","[25, 25]",0.08571436480571015,10,target,holoocean_agent_proxy
50,"[25, 25]","[-75.0, 75.0]","[-74.98905181884766, 75.08036041259766, 0.1781490445137024]","[25, 25]",0.08110276557189702,10,target,holoocean_agent_proxy
51,"[25, 25]","[-75.0, 75.0]","[-74.98925018310547, 75.07889556884766, 0.17814861238002777]","[25, 25]",0.07962455241356912,10,target,holoocean_agent_proxy
52,"[25, 25]","[-75.0, 75.0]","[-74.98931884765625, 75.07843017578125, 0.17814816534519196]","[25, 25]",0.07915415016578833,10,target,holoocean_agent_proxy
53,"[25, 25]","[-75.0, 75.0]","[-74.98933410644531, 75.07827758789062, 0.17822571098804474]","[25, 25]",0.0790008990537098,10,target,holoocean_agent_proxy
54,"[25, 25]","[-75.0, 75.0]","[-74.98934173583984, 75.07823181152344, 0.17802132666110992]","[25, 25]",0.07895451177194575,10,target,holoocean_agent_proxy
55,"[25, 25]","[-75.0, 75.0]","[-74.98934936523438, 75.07821655273438, 0.1780208796262741]","[25, 25]",0.07893836293311386,10,target,holoocean_agent_proxy
56,"[25, 25]","[-75.0, 75.0]","[-74.98934936523438, 75.07820892333984, 0.17814645171165466]","[25, 25]",0.07893080330826677,10,target,holoocean_agent_proxy
57,"[25, 25]","[-75.0, 75.0]","[-74.98934936523438, 75.07820892333984, 0.17815612256526947]","[25, 25]",0.07893080330826677,10,target,holoocean_agent_proxy
58,"[25, 25]","[-75.0, 75.0]","[-74.98934936523438, 75.07820892333984, 0.17814576625823975]","[25, 25]",0.07893080330826677,10,target,holoocean_agent_proxy
59,"[25, 25]","[-75.0, 75.0]","[-74.98934936523438, 75.07820892333984, 0.17816533148288727]","[25, 25]",0.07893080330826677,10,target,holoocean_agent_proxy
60,"[25, 25]","[-75.0, 75.0]","[-74.98934936523438, 75.07820892333984, 0.17812594771385193]","[25, 25]",0.07893080330826677,10,target,holoocean_agent_proxy
61,"[25, 30]","[-50.0, 75.0]","[-75.01685333251953, 74.8731689453125, 0.1792180985212326]","[25, 25]",25.01717483604467,10,target,holoocean_agent_proxy
62,"[25, 30]","[-50.0, 75.0]","[-67.08209228515625, 72.18399810791016, 0.17212657630443573]","[26, 27]",17.312646923415503,10,target,holoocean_agent_proxy
63,"[25, 30]","[-50.0, 75.0]","[-56.9093017578125, 73.92842102050781, 0.1776164025068283]","[25, 29]",6.9919047683589355,10,target,holoocean_agent_proxy
64,"[25, 30]","[-50.0, 75.0]","[-52.27191925048828, 74.64614868164062, 0.1785721480846405]","[25, 30]",2.2993102957721696,10,target,holoocean_agent_proxy
65,"[25, 30]","[-50.0, 75.0]","[-50.78216552734375, 74.8781967163086, 0.17820066213607788]","[25, 30]",0.7915926680325783,10,target,holoocean_agent_proxy
66,"[25, 30]","[-50.0, 75.0]","[-50.303951263427734, 74.95266723632812, 0.17803999781608582]","[25, 30]",0.3076146307575983,10,target,holoocean_agent_proxy
67,"[25, 30]","[-50.0, 75.0]","[-50.15049362182617, 74.9765625, 0.17814569175243378]","[25, 30]",0.15230773656189903,10,target,holoocean_agent_proxy
68,"[25, 30]","[-50.0, 75.0]","[-50.101253509521484, 74.9842300415039, 0.17814534902572632]","[25, 30]",0.1024742152025857,10,target,holoocean_agent_proxy
69,"[25, 30]","[-50.0, 75.0]","[-50.085453033447266, 74.9866943359375, 0.1781448870897293]","[25, 30]",0.08648272441062205,10,target,holoocean_agent_proxy
70,"[25, 30]","[-50.0, 75.0]","[-50.08038330078125, 74.98748016357422, 0.1781444400548935]","[25, 30]",0.08135245139894204,10,target,holoocean_agent_proxy
71,"[25, 30]","[-50.0, 75.0]","[-50.078758239746094, 74.98773956298828, 0.17814397811889648]","[25, 30]",0.0797068293411644,10,target,holoocean_agent_proxy
72,"[25, 30]","[-50.0, 75.0]","[-50.0782356262207, 74.9878158569336, 0.17814354598522186]","[25, 30]",0.07917870011820241,10,target,holoocean_agent_proxy
73,"[25, 30]","[-50.0, 75.0]","[-50.078067779541016, 74.98784637451172, 0.17814311385154724]","[25, 30]",0.07900815663571716,10,target,holoocean_agent_proxy
74,"[25, 30]","[-50.0, 75.0]","[-50.0780143737793, 74.98785400390625, 0.17814266681671143]","[25, 30]",0.07895421291663438,10,target,holoocean_agent_proxy
75,"[25, 30]","[-50.0, 75.0]","[-50.077999114990234, 74.98785400390625, 0.17815180122852325]","[25, 30]",0.07893913579694925,10,target,holoocean_agent_proxy
76,"[25, 30]","[-50.0, 75.0]","[-50.0779914855957, 74.98785400390625, 0.1781795769929886]","[25, 30]",0.07893159726328967,10,target,holoocean_agent_proxy
77,"[25, 30]","[-50.0, 75.0]","[-50.0779914855957, 74.98785400390625, 0.17808225750923157]","[25, 30]",0.07893159726328967,10,target,holoocean_agent_proxy
78,"[25, 30]","[-50.0, 75.0]","[-50.07798767089844, 74.98785400390625, 0.17818619310855865]","[25, 30]",0.07892782800300782,10,target,holoocean_agent_proxy
79,"[25, 30]","[-50.0, 75.0]","[-50.07798767089844, 74.98785400390625, 0.17815001308918]","[25, 30]",0.07892782800300782,10,target,holoocean_agent_proxy
80,"[25, 30]","[-50.0, 75.0]","[-50.07798767089844, 74.98785400390625, 0.17811235785484314]","[25, 30]",0.07892782800300782,10,target,holoocean_agent_proxy
81,"[30, 30]","[-50.0, 50.0]","[-49.87351608276367, 75.01927185058594, 0.17800694704055786]","[25, 30]",25.019591565707888,10,target,holoocean_agent_proxy
82,"[30, 30]","[-50.0, 50.0]","[-47.22356033325195, 66.8584213256836, 0.17289522290229797]","[27, 31]",17.085519799448754,10,target,holoocean_agent_proxy
83,"[30, 30]","[-50.0, 50.0]","[-48.96726608276367, 56.60712432861328, 0.178122878074646]","[29, 30]",6.687348595487138,10,target,holoocean_agent_proxy
84,"[30, 30]","[-50.0, 50.0]","[-49.65896224975586, 52.1748161315918, 0.17839878797531128]","[30, 30]",2.2013931846272925,10,target,holoocean_agent_proxy
85,"[30, 30]","[-50.0, 50.0]","[-49.88280487060547, 50.7474479675293, 0.1781332790851593]","[30, 30]",0.7565799115212337,10,target,holoocean_agent_proxy
86,"[30, 30]","[-50.0, 50.0]","[-49.9540901184082, 50.29280090332031, 0.1781093031167984]","[30, 30]",0.2963782822896506,10,target,holoocean_agent_proxy
87,"[30, 30]","[-50.0, 50.0]","[-49.97702407836914, 50.14654541015625, 0.17815984785556793]","[30, 30]",0.14833559995041964,10,target,holoocean_agent_proxy
88,"[30, 30]","[-50.0, 50.0]","[-49.98432540893555, 50.0999755859375, 0.1781812459230423]","[30, 30]",0.10119689021202322,10,target,holoocean_agent_proxy
89,"[30, 30]","[-50.0, 50.0]","[-49.986671447753906, 50.084999084472656, 0.17817236483097076]","[30, 30]",0.086037751401153,10,target,holoocean_agent_proxy
90,"[30, 30]","[-50.0, 50.0]","[-49.98741912841797, 50.080230712890625, 0.17812862992286682]","[30, 30]",0.08121111759298391,10,target,holoocean_agent_proxy
91,"[30, 30]","[-50.0, 50.0]","[-49.98766326904297, 50.078697204589844, 0.1781166046857834]","[30, 30]",0.07965830114283066,10,target,holoocean_agent_proxy
92,"[30, 30]","[-50.0, 50.0]","[-49.98773956298828, 50.07820129394531, 0.17814017832279205]","[30, 30]",0.07915655810126848,10,target,holoocean_agent_proxy
93,"[30, 30]","[-50.0, 50.0]","[-49.987762451171875, 50.07804870605469, 0.17813263833522797]","[30, 30]",0.07900226653794026,10,target,holoocean_agent_proxy
94,"[30, 30]","[-50.0, 50.0]","[-49.987770080566406, 50.077999114990234, 0.17813219130039215]","[30, 30]",0.07895209223707754,10,target,holoocean_agent_proxy
95,"[30, 30]","[-50.0, 50.0]","[-49.987770080566406, 50.07798385620117, 0.178108811378479]","[30, 30]",0.07893701766191352,10,target,holoocean_agent_proxy
96,"[30, 30]","[-50.0, 50.0]","[-49.98777389526367, 50.077980041503906, 0.1781083643436432]","[30, 30]",0.07893265806986742,10,target,holoocean_agent_proxy
97,"[30, 30]","[-50.0, 50.0]","[-49.98777389526367, 50.07797622680664, 0.17816931009292603]","[30, 30]",0.07892888941334678,10,target,holoocean_agent_proxy
98,"[30, 30]","[-50.0, 50.0]","[-49.98777389526367, 50.07797622680664, 0.17813757061958313]","[30, 30]",0.07892888941334678,10,target,holoocean_agent_proxy
99,"[30, 30]","[-50.0, 50.0]","[-49.98777389526367, 50.07797622680664, 0.1781371384859085]","[30, 30]",0.07892888941334678,10,target,holoocean_agent_proxy
100,"[30, 30]","[-50.0, 50.0]","[-49.98777389526367, 50.07797622680664, 0.17815223336219788]","[30, 30]",0.07892888941334678,10,target,holoocean_agent_proxy
101,"[35, 35]","[-25.0, 25.0]","[-50.01948165893555, 49.87355041503906, 0.17886130511760712]","[30, 30]",35.279852220939105,10,target,holoocean_agent_proxy
102,"[35, 35]","[-25.0, 25.0]","[-44.274784088134766, 41.662315368652344, 0.17803889513015747]","[32, 31]",25.47842332422949,10,target,holoocean_agent_proxy
103,"[35, 35]","[-25.0, 25.0]","[-36.09951400756836, 34.63850021362305, 0.17826679348945618]","[33, 33]",14.700336648261418,10,target,holoocean_agent_proxy
104,"[35, 35]","[-25.0, 25.0]","[-29.43335723876953, 28.849550247192383, 0.17829880118370056]","[34, 34]",5.87143027823793,10,target,holoocean_agent_proxy
105,"[35, 35]","[-25.0, 25.0]","[-26.45657730102539, 26.264785766601562, 0.17813417315483093]","[35, 35]",1.92906725369032,10,target,holoocean_agent_proxy
106,"[35, 35]","[-25.0, 25.0]","[-25.507923126220703, 25.441043853759766, 0.17813029885292053]","[35, 35]",0.6726853522183145,10,target,holoocean_agent_proxy
107,"[35, 35]","[-25.0, 25.0]","[-25.211225509643555, 25.183412551879883, 0.17815615236759186]","[35, 35]",0.27974341835201433,10,target,holoocean_agent_proxy
108,"[35, 35]","[-25.0, 25.0]","[-25.10799217224121, 25.093772888183594, 0.1781952828168869]","[35, 35]",0.14302329818483472,10,target,holoocean_agent_proxy
109,"[35, 35]","[-25.0, 25.0]","[-25.075042724609375, 25.065162658691406, 0.1781911700963974]","[35, 35]",0.09938602821589762,10,target,holoocean_agent_proxy
110,"[35, 35]","[-25.0, 25.0]","[-25.064552307128906, 25.056053161621094, 0.17819075286388397]","[35, 35]",0.08549243991947532,10,target,holoocean_agent_proxy
111,"[35, 35]","[-25.0, 25.0]","[-25.06117820739746, 25.053123474121094, 0.17814789712429047]","[35, 35]",0.08102392586798829,10,target,holoocean_agent_proxy
112,"[35, 35]","[-25.0, 25.0]","[-25.060104370117188, 25.05219078063965, 0.17814745008945465]","[35, 35]",0.07960158849520381,10,target,holoocean_agent_proxy
113,"[35, 35]","[-25.0, 25.0]","[-25.05975914001465, 25.051889419555664, 0.1781284213066101]","[35, 35]",0.07914332995972616,10,target,holoocean_agent_proxy
114,"[35, 35]","[-25.0, 25.0]","[-25.059648513793945, 25.051794052124023, 0.1781279742717743]","[35, 35]",0.07899727231526757,10,target,holoocean_agent_proxy
115,"[35, 35]","[-25.0, 25.0]","[-25.059614181518555, 25.0517635345459, 0.1781304031610489]","[35, 35]",0.07895134037374925,10,target,holoocean_agent_proxy
116,"[35, 35]","[-25.0, 25.0]","[-25.059602737426758, 25.051753997802734, 0.17812997102737427]","[35, 35]",0.0789364465714569,10,target,holoocean_agent_proxy
117,"[35, 35]","[-25.0, 25.0]","[-25.059598922729492, 25.0517520904541, 0.1781517118215561]","[35, 35]",0.07893231566909392,10,target,holoocean_agent_proxy
118,"[35, 35]","[-25.0, 25.0]","[-25.05959701538086, 25.05175018310547, 0.17815126478672028]","[35, 35]",0.07892962494371764,10,target,holoocean_agent_proxy
119,"[35, 35]","[-25.0, 25.0]","[-25.05959701538086, 25.051748275756836, 0.17819039523601532]","[35, 35]",0.07892837440434158,10,target,holoocean_agent_proxy
120,"[35, 35]","[-25.0, 25.0]","[-25.05959701538086, 25.05175018310547, 0.1781899482011795]","[35, 35]",0.07892962494371764,10,target,holoocean_agent_proxy
