run_kind,step_index,detected_mask,shared_found,accepted_candidate_count,fused_candidate_count,fused_candidates,new_found_candidate_count,found_update_trace,truth_used_for_detection,actor_truth_used_for_detection,target_truth_used_for_detection,teammate_truth_used_for_detection,adapter_module,mainline_step,detected_mask_returned_to_mainline,live_capture_primary_detection_source,replay_events_used_for_detection,planned_path_source
target,1,[false],False,0,0,[],0,"{""actor_truth_used_for_detection"": false, ""adapter_id"": ""phase5d13_target"", ""detected_mask_from_adapter"": [false], ""detection_source"": ""holoocean_sensor_event_candidate_fusion"", ""episode_id"": ""phase5d13_target"", ""found_mask_before_adapter"": [false], ""known_teammate_count"": 2, ""recommended_rule_id"": ""sphere_blob_local_range_scaled_any_hit"", ""source_accepted_candidate_count"": 0, ""source_accepted_event_count"": 0, ""source_fused_candidate_count"": 0, ""source_fused_world_position_first_cluster"": null, ""source_per_agent_event_count"": 678, ""source_policy_step"": 1, ""source_raw_sensor_detection_count"": 0, ""source_reporter_usv_ids_first_cluster"": [], ""source_shared_found"": false, ""source_teammate_rejected_count"": 0, ""target_truth_used_for_detection"": false, ""teammate_truth_used_for_detection"": false, ""truth_used_for_detection"": false}",False,False,False,False,baseline_GP.holoocean_bridge.mainline_perception_adapter,1,[false],True,False,baseline_GP_mainline_planner
target,2,[false],False,0,0,[],0,"{""actor_truth_used_for_detection"": false, ""adapter_id"": ""phase5d13_target"", ""detected_mask_from_adapter"": [false], ""detection_source"": ""holoocean_sensor_event_candidate_fusion"", ""episode_id"": ""phase5d13_target"", ""found_mask_before_adapter"": [false], ""known_teammate_count"": 2, ""recommended_rule_id"": ""sphere_blob_local_range_scaled_any_hit"", ""source_accepted_candidate_count"": 0, ""source_accepted_event_count"": 0, ""source_fused_candidate_count"": 0, ""source_fused_world_position_first_cluster"": null, ""source_per_agent_event_count"": 718, ""source_policy_step"": 2, ""source_raw_sensor_detection_count"": 0, ""source_reporter_usv_ids_first_cluster"": [], ""source_shared_found"": false, ""source_teammate_rejected_count"": 0, ""target_truth_used_for_detection"": false, ""teammate_truth_used_for_detection"": false, ""truth_used_for_detection"": false}",False,False,False,False,baseline_GP.holoocean_bridge.mainline_perception_adapter,2,[false],True,False,baseline_GP_mainline_planner
target,3,[false],False,0,0,[],0,"{""actor_truth_used_for_detection"": false, ""adapter_id"": ""phase5d13_target"", ""detected_mask_from_adapter"": [false], ""detection_source"": ""holoocean_sensor_event_candidate_fusion"", ""episode_id"": ""phase5d13_target"", ""found_mask_before_adapter"": [false], ""known_teammate_count"": 2, ""recommended_rule_id"": ""sphere_blob_local_range_scaled_any_hit"", ""source_accepted_candidate_count"": 0, ""source_accepted_event_count"": 0, ""source_fused_candidate_count"": 0, ""source_fused_world_position_first_cluster"": null, ""source_per_agent_event_count"": 684, ""source_policy_step"": 3, ""source_raw_sensor_detection_count"": 0, ""source_reporter_usv_ids_first_cluster"": [], ""source_shared_found"": false, ""source_teammate_rejected_count"": 0, ""target_truth_used_for_detection"": false, ""teammate_truth_used_for_detection"": false, ""truth_used_for_detection"": false}",False,False,False,False,baseline_GP.holoocean_bridge.mainline_perception_adapter,3,[false],True,False,baseline_GP_mainline_planner
target,4,[false],False,0,0,[],0,"{""actor_truth_used_for_detection"": false, ""adapter_id"": ""phase5d13_target"", ""detected_mask_from_adapter"": [false], ""detection_source"": ""holoocean_sensor_event_candidate_fusion"", ""episode_id"": ""phase5d13_target"", ""found_mask_before_adapter"": [false], ""known_teammate_count"": 2, ""recommended_rule_id"": ""sphere_blob_local_range_scaled_any_hit"", ""source_accepted_candidate_count"": 0, ""source_accepted_event_count"": 0, ""source_fused_candidate_count"": 0, ""source_fused_world_position_first_cluster"": null, ""source_per_agent_event_count"": 694, ""source_policy_step"": 4, ""source_raw_sensor_detection_count"": 0, ""source_reporter_usv_ids_first_cluster"": [], ""source_shared_found"": false, ""source_teammate_rejected_count"": 0, ""target_truth_used_for_detection"": false, ""teammate_truth_used_for_detection"": false, ""truth_used_for_detection"": false}",False,False,False,False,baseline_GP.holoocean_bridge.mainline_perception_adapter,4,[false],True,False,baseline_GP_mainline_planner
target,5,[false],False,0,0,[],0,"{""actor_truth_used_for_detection"": false, ""adapter_id"": ""phase5d13_target"", ""detected_mask_from_adapter"": [false], ""detection_source"": ""holoocean_sensor_event_candidate_fusion"", ""episode_id"": ""phase5d13_target"", ""found_mask_before_adapter"": [false], ""known_teammate_count"": 2, ""recommended_rule_id"": ""sphere_blob_local_range_scaled_any_hit"", ""source_accepted_candidate_count"": 0, ""source_accepted_event_count"": 0, ""source_fused_candidate_count"": 0, ""source_fused_world_position_first_cluster"": null, ""source_per_agent_event_count"": 662, ""source_policy_step"": 5, ""source_raw_sensor_detection_count"": 0, ""source_reporter_usv_ids_first_cluster"": [], ""source_shared_found"": false, ""source_teammate_rejected_count"": 0, ""target_truth_used_for_detection"": false, ""teammate_truth_used_for_detection"": false, ""truth_used_for_detection"": false}",False,False,False,False,baseline_GP.holoocean_bridge.mainline_perception_adapter,5,[false],True,False,baseline_GP_mainline_planner
target,6,[false],False,0,0,[],0,"{""actor_truth_used_for_detection"": false, ""adapter_id"": ""phase5d13_target"", ""detected_mask_from_adapter"": [false], ""detection_source"": ""holoocean_sensor_event_candidate_fusion"", ""episode_id"": ""phase5d13_target"", ""found_mask_before_adapter"": [false], ""known_teammate_count"": 2, ""recommended_rule_id"": ""sphere_blob_local_range_scaled_any_hit"", ""source_accepted_candidate_count"": 0, ""source_accepted_event_count"": 0, ""source_fused_candidate_count"": 0, ""source_fused_world_position_first_cluster"": null, ""source_per_agent_event_count"": 664, ""source_policy_step"": 6, ""source_raw_sensor_detection_count"": 0, ""source_reporter_usv_ids_first_cluster"": [], ""source_shared_found"": false, ""source_teammate_rejected_count"": 0, ""target_truth_used_for_detection"": false, ""teammate_truth_used_for_detection"": false, ""truth_used_for_detection"": false}",False,False,False,False,baseline_GP.holoocean_bridge.mainline_perception_adapter,6,[false],True,False,baseline_GP_mainline_planner
target,7,[false],False,0,0,[],0,"{""actor_truth_used_for_detection"": false, ""adapter_id"": ""phase5d13_target"", ""detected_mask_from_adapter"": [false], ""detection_source"": ""holoocean_sensor_event_candidate_fusion"", ""episode_id"": ""phase5d13_target"", ""found_mask_before_adapter"": [false], ""known_teammate_count"": 2, ""recommended_rule_id"": ""sphere_blob_local_range_scaled_any_hit"", ""source_accepted_candidate_count"": 0, ""source_accepted_event_count"": 0, ""source_fused_candidate_count"": 0, ""source_fused_world_position_first_cluster"": null, ""source_per_agent_event_count"": 680, ""source_policy_step"": 7, ""source_raw_sensor_detection_count"": 0, ""source_reporter_usv_ids_first_cluster"": [], ""source_shared_found"": false, ""source_teammate_rejected_count"": 0, ""target_truth_used_for_detection"": false, ""teammate_truth_used_for_detection"": false, ""truth_used_for_detection"": false}",False,False,False,False,baseline_GP.holoocean_bridge.mainline_perception_adapter,7,[false],True,False,baseline_GP_mainline_planner
target,8,[false],False,0,0,[],0,"{""actor_truth_used_for_detection"": false, ""adapter_id"": ""phase5d13_target"", ""detected_mask_from_adapter"": [false], ""detection_source"": ""holoocean_sensor_event_candidate_fusion"", ""episode_id"": ""phase5d13_target"", ""found_mask_before_adapter"": [false], ""known_teammate_count"": 2, ""recommended_rule_id"": ""sphere_blob_local_range_scaled_any_hit"", ""source_accepted_candidate_count"": 0, ""source_accepted_event_count"": 0, ""source_fused_candidate_count"": 0, ""source_fused_world_position_first_cluster"": null, ""source_per_agent_event_count"": 660, ""source_policy_step"": 8, ""source_raw_sensor_detection_count"": 0, ""source_reporter_usv_ids_first_cluster"": [], ""source_shared_found"": false, ""source_teammate_rejected_count"": 0, ""target_truth_used_for_detection"": false, ""teammate_truth_used_for_detection"": false, ""truth_used_for_detection"": false}",False,False,False,False,baseline_GP.holoocean_bridge.mainline_perception_adapter,8,[false],True,False,baseline_GP_mainline_planner
target,9,[false],False,0,0,[],0,"{""actor_truth_used_for_detection"": false, ""adapter_id"": ""phase5d13_target"", ""detected_mask_from_adapter"": [false], ""detection_source"": ""holoocean_sensor_event_candidate_fusion"", ""episode_id"": ""phase5d13_target"", ""found_mask_before_adapter"": [false], ""known_teammate_count"": 2, ""recommended_rule_id"": ""sphere_blob_local_range_scaled_any_hit"", ""source_accepted_candidate_count"": 0, ""source_accepted_event_count"": 0, ""source_fused_candidate_count"": 0, ""source_fused_world_position_first_cluster"": null, ""source_per_agent_event_count"": 684, ""source_policy_step"": 9, ""source_raw_sensor_detection_count"": 0, ""source_reporter_usv_ids_first_cluster"": [], ""source_shared_found"": false, ""source_teammate_rejected_count"": 0, ""target_truth_used_for_detection"": false, ""teammate_truth_used_for_detection"": false, ""truth_used_for_detection"": false}",False,False,False,False,baseline_GP.holoocean_bridge.mainline_perception_adapter,9,[false],True,False,baseline_GP_mainline_planner
target,10,[false],False,0,0,[],0,"{""actor_truth_used_for_detection"": false, ""adapter_id"": ""phase5d13_target"", ""detected_mask_from_adapter"": [false], ""detection_source"": ""holoocean_sensor_event_candidate_fusion"", ""episode_id"": ""phase5d13_target"", ""found_mask_before_adapter"": [false], ""known_teammate_count"": 2, ""recommended_rule_id"": ""sphere_blob_local_range_scaled_any_hit"", ""source_accepted_candidate_count"": 0, ""source_accepted_event_count"": 0, ""source_fused_candidate_count"": 0, ""source_fused_world_position_first_cluster"": null, ""source_per_agent_event_count"": 656, ""source_policy_step"": 10, ""source_raw_sensor_detection_count"": 0, ""source_reporter_usv_ids_first_cluster"": [], ""source_shared_found"": false, ""source_teammate_rejected_count"": 0, ""target_truth_used_for_detection"": false, ""teammate_truth_used_for_detection"": false, ""truth_used_for_detection"": false}",False,False,False,False,baseline_GP.holoocean_bridge.mainline_perception_adapter,10,[false],True,False,baseline_GP_mainline_planner
target,11,[false],False,0,0,[],0,"{""actor_truth_used_for_detection"": false, ""adapter_id"": ""phase5d13_target"", ""detected_mask_from_adapter"": [false], ""detection_source"": ""holoocean_sensor_event_candidate_fusion"", ""episode_id"": ""phase5d13_target"", ""found_mask_before_adapter"": [false], ""known_teammate_count"": 2, ""recommended_rule_id"": ""sphere_blob_local_range_scaled_any_hit"", ""source_accepted_candidate_count"": 0, ""source_accepted_event_count"": 0, ""source_fused_candidate_count"": 0, ""source_fused_world_position_first_cluster"": null, ""source_per_agent_event_count"": 664, ""source_policy_step"": 11, ""source_raw_sensor_detection_count"": 0, ""source_reporter_usv_ids_first_cluster"": [], ""source_shared_found"": false, ""source_teammate_rejected_count"": 0, ""target_truth_used_for_detection"": false, ""teammate_truth_used_for_detection"": false, ""truth_used_for_detection"": false}",False,False,False,False,baseline_GP.holoocean_bridge.mainline_perception_adapter,11,[false],True,False,baseline_GP_mainline_planner
target,12,[false],False,0,0,[],0,"{""actor_truth_used_for_detection"": false, ""adapter_id"": ""phase5d13_target"", ""detected_mask_from_adapter"": [false], ""detection_source"": ""holoocean_sensor_event_candidate_fusion"", ""episode_id"": ""phase5d13_target"", ""found_mask_before_adapter"": [false], ""known_teammate_count"": 2, ""recommended_rule_id"": ""sphere_blob_local_range_scaled_any_hit"", ""source_accepted_candidate_count"": 0, ""source_accepted_event_count"": 0, ""source_fused_candidate_count"": 0, ""source_fused_world_position_first_cluster"": null, ""source_per_agent_event_count"": 668, ""source_policy_step"": 12, ""source_raw_sensor_detection_count"": 0, ""source_reporter_usv_ids_first_cluster"": [], ""source_shared_found"": false, ""source_teammate_rejected_count"": 0, ""target_truth_used_for_detection"": false, ""teammate_truth_used_for_detection"": false, ""truth_used_for_detection"": false}",False,False,False,False,baseline_GP.holoocean_bridge.mainline_perception_adapter,12,[false],True,False,baseline_GP_mainline_planner
target,13,[false],False,0,0,[],0,"{""actor_truth_used_for_detection"": false, ""adapter_id"": ""phase5d13_target"", ""detected_mask_from_adapter"": [false], ""detection_source"": ""holoocean_sensor_event_candidate_fusion"", ""episode_id"": ""phase5d13_target"", ""found_mask_before_adapter"": [false], ""known_teammate_count"": 2, ""recommended_rule_id"": ""sphere_blob_local_range_scaled_any_hit"", ""source_accepted_candidate_count"": 0, ""source_accepted_event_count"": 0, ""source_fused_candidate_count"": 0, ""source_fused_world_position_first_cluster"": null, ""source_per_agent_event_count"": 700, ""source_policy_step"": 13, ""source_raw_sensor_detection_count"": 0, ""source_reporter_usv_ids_first_cluster"": [], ""source_shared_found"": false, ""source_teammate_rejected_count"": 0, ""target_truth_used_for_detection"": false, ""teammate_truth_used_for_detection"": false, ""truth_used_for_detection"": false}",False,False,False,False,baseline_GP.holoocean_bridge.mainline_perception_adapter,13,[false],True,False,baseline_GP_mainline_planner
target,14,[false],False,0,0,[],0,"{""actor_truth_used_for_detection"": false, ""adapter_id"": ""phase5d13_target"", ""detected_mask_from_adapter"": [false], ""detection_source"": ""holoocean_sensor_event_candidate_fusion"", ""episode_id"": ""phase5d13_target"", ""found_mask_before_adapter"": [false], ""known_teammate_count"": 2, ""recommended_rule_id"": ""sphere_blob_local_range_scaled_any_hit"", ""source_accepted_candidate_count"": 0, ""source_accepted_event_count"": 0, ""source_fused_candidate_count"": 0, ""source_fused_world_position_first_cluster"": null, ""source_per_agent_event_count"": 654, ""source_policy_step"": 14, ""source_raw_sensor_detection_count"": 0, ""source_reporter_usv_ids_first_cluster"": [], ""source_shared_found"": false, ""source_teammate_rejected_count"": 0, ""target_truth_used_for_detection"": false, ""teammate_truth_used_for_detection"": false, ""truth_used_for_detection"": false}",False,False,False,False,baseline_GP.holoocean_bridge.mainline_perception_adapter,14,[false],True,False,baseline_GP_mainline_planner
target,15,[false],False,0,0,[],0,"{""actor_truth_used_for_detection"": false, ""adapter_id"": ""phase5d13_target"", ""detected_mask_from_adapter"": [false], ""detection_source"": ""holoocean_sensor_event_candidate_fusion"", ""episode_id"": ""phase5d13_target"", ""found_mask_before_adapter"": [false], ""known_teammate_count"": 2, ""recommended_rule_id"": ""sphere_blob_local_range_scaled_any_hit"", ""source_accepted_candidate_count"": 0, ""source_accepted_event_count"": 0, ""source_fused_candidate_count"": 0, ""source_fused_world_position_first_cluster"": null, ""source_per_agent_event_count"": 664, ""source_policy_step"": 15, ""source_raw_sensor_detection_count"": 0, ""source_reporter_usv_ids_first_cluster"": [], ""source_shared_found"": false, ""source_teammate_rejected_count"": 0, ""target_truth_used_for_detection"": false, ""teammate_truth_used_for_detection"": false, ""truth_used_for_detection"": false}",False,False,False,False,baseline_GP.holoocean_bridge.mainline_perception_adapter,15,[false],True,False,baseline_GP_mainline_planner
target,16,[true],True,3,1,"[{""candidate_count"": 3, ""cluster_id"": 0, ""confirmed_static_target_candidate_for_audit"": true, ""fused_world_position"": [-270.1713759335762, 221.0223185369824, 0.0], ""positions"": [[-270.0673931569028, 221.00951528959817, 0.0], [-270.18935332087057, 221.0160693924633, 0.0], [-270.2573813229552, 221.04137092888578, 0.0]], ""reporter_usv_ids"": [""sv0""], ""target_position_error_m"": 0.1728231110186046}]",1,"{""actor_truth_used_for_detection"": false, ""adapter_id"": ""phase5d13_target"", ""detected_mask_from_adapter"": [true], ""detection_source"": ""holoocean_sensor_event_candidate_fusion"", ""episode_id"": ""phase5d13_target"", ""found_mask_before_adapter"": [false], ""known_teammate_count"": 2, ""recommended_rule_id"": ""sphere_blob_local_range_scaled_any_hit"", ""source_accepted_candidate_count"": 3, ""source_accepted_event_count"": 3, ""source_fused_candidate_count"": 1, ""source_fused_world_position_first_cluster"": [-270.1713759335762, 221.0223185369824, 0.0], ""source_per_agent_event_count"": 668, ""source_policy_step"": 16, ""source_raw_sensor_detection_count"": 3, ""source_reporter_usv_ids_first_cluster"": [""sv0""], ""source_shared_found"": true, ""source_teammate_rejected_count"": 0, ""target_truth_used_for_detection"": false, ""teammate_truth_used_for_detection"": false, ""truth_used_for_detection"": false}",False,False,False,False,baseline_GP.holoocean_bridge.mainline_perception_adapter,16,[true],True,False,baseline_GP_mainline_planner
teammate_only,1,[false],False,0,0,[],0,"{""actor_truth_used_for_detection"": false, ""adapter_id"": ""phase5d13_teammate_only"", ""detected_mask_from_adapter"": [false], ""detection_source"": ""holoocean_sensor_event_candidate_fusion"", ""episode_id"": ""phase5d13_teammate_only"", ""found_mask_before_adapter"": [false], ""known_teammate_count"": 3, ""recommended_rule_id"": ""sphere_blob_local_range_scaled_any_hit"", ""source_accepted_candidate_count"": 0, ""source_accepted_event_count"": 0, ""source_fused_candidate_count"": 0, ""source_fused_world_position_first_cluster"": null, ""source_per_agent_event_count"": 678, ""source_policy_step"": 1, ""source_raw_sensor_detection_count"": 0, ""source_reporter_usv_ids_first_cluster"": [], ""source_shared_found"": false, ""source_teammate_rejected_count"": 0, ""target_truth_used_for_detection"": false, ""teammate_truth_used_for_detection"": false, ""truth_used_for_detection"": false}",False,False,False,False,baseline_GP.holoocean_bridge.mainline_perception_adapter,1,[false],True,False,baseline_GP_mainline_planner
teammate_only,2,[false],False,0,0,[],0,"{""actor_truth_used_for_detection"": false, ""adapter_id"": ""phase5d13_teammate_only"", ""detected_mask_from_adapter"": [false], ""detection_source"": ""holoocean_sensor_event_candidate_fusion"", ""episode_id"": ""phase5d13_teammate_only"", ""found_mask_before_adapter"": [false], ""known_teammate_count"": 3, ""recommended_rule_id"": ""sphere_blob_local_range_scaled_any_hit"", ""source_accepted_candidate_count"": 0, ""source_accepted_event_count"": 0, ""source_fused_candidate_count"": 0, ""source_fused_world_position_first_cluster"": null, ""source_per_agent_event_count"": 718, ""source_policy_step"": 2, ""source_raw_sensor_detection_count"": 0, ""source_reporter_usv_ids_first_cluster"": [], ""source_shared_found"": false, ""source_teammate_rejected_count"": 0, ""target_truth_used_for_detection"": false, ""teammate_truth_used_for_detection"": false, ""truth_used_for_detection"": false}",False,False,False,False,baseline_GP.holoocean_bridge.mainline_perception_adapter,2,[false],True,False,baseline_GP_mainline_planner
teammate_only,3,[false],False,0,0,[],0,"{""actor_truth_used_for_detection"": false, ""adapter_id"": ""phase5d13_teammate_only"", ""detected_mask_from_adapter"": [false], ""detection_source"": ""holoocean_sensor_event_candidate_fusion"", ""episode_id"": ""phase5d13_teammate_only"", ""found_mask_before_adapter"": [false], ""known_teammate_count"": 3, ""recommended_rule_id"": ""sphere_blob_local_range_scaled_any_hit"", ""source_accepted_candidate_count"": 0, ""source_accepted_event_count"": 0, ""source_fused_candidate_count"": 0, ""source_fused_world_position_first_cluster"": null, ""source_per_agent_event_count"": 684, ""source_policy_step"": 3, ""source_raw_sensor_detection_count"": 0, ""source_reporter_usv_ids_first_cluster"": [], ""source_shared_found"": false, ""source_teammate_rejected_count"": 0, ""target_truth_used_for_detection"": false, ""teammate_truth_used_for_detection"": false, ""truth_used_for_detection"": false}",False,False,False,False,baseline_GP.holoocean_bridge.mainline_perception_adapter,3,[false],True,False,baseline_GP_mainline_planner
teammate_only,4,[false],False,0,0,[],0,"{""actor_truth_used_for_detection"": false, ""adapter_id"": ""phase5d13_teammate_only"", ""detected_mask_from_adapter"": [false], ""detection_source"": ""holoocean_sensor_event_candidate_fusion"", ""episode_id"": ""phase5d13_teammate_only"", ""found_mask_before_adapter"": [false], ""known_teammate_count"": 3, ""recommended_rule_id"": ""sphere_blob_local_range_scaled_any_hit"", ""source_accepted_candidate_count"": 0, ""source_accepted_event_count"": 0, ""source_fused_candidate_count"": 0, ""source_fused_world_position_first_cluster"": null, ""source_per_agent_event_count"": 694, ""source_policy_step"": 4, ""source_raw_sensor_detection_count"": 0, ""source_reporter_usv_ids_first_cluster"": [], ""source_shared_found"": false, ""source_teammate_rejected_count"": 0, ""target_truth_used_for_detection"": false, ""teammate_truth_used_for_detection"": false, ""truth_used_for_detection"": false}",False,False,False,False,baseline_GP.holoocean_bridge.mainline_perception_adapter,4,[false],True,False,baseline_GP_mainline_planner
teammate_only,5,[false],False,0,0,[],0,"{""actor_truth_used_for_detection"": false, ""adapter_id"": ""phase5d13_teammate_only"", ""detected_mask_from_adapter"": [false], ""detection_source"": ""holoocean_sensor_event_candidate_fusion"", ""episode_id"": ""phase5d13_teammate_only"", ""found_mask_before_adapter"": [false], ""known_teammate_count"": 3, ""recommended_rule_id"": ""sphere_blob_local_range_scaled_any_hit"", ""source_accepted_candidate_count"": 0, ""source_accepted_event_count"": 0, ""source_fused_candidate_count"": 0, ""source_fused_world_position_first_cluster"": null, ""source_per_agent_event_count"": 662, ""source_policy_step"": 5, ""source_raw_sensor_detection_count"": 0, ""source_reporter_usv_ids_first_cluster"": [], ""source_shared_found"": false, ""source_teammate_rejected_count"": 0, ""target_truth_used_for_detection"": false, ""teammate_truth_used_for_detection"": false, ""truth_used_for_detection"": false}",False,False,False,False,baseline_GP.holoocean_bridge.mainline_perception_adapter,5,[false],True,False,baseline_GP_mainline_planner
teammate_only,6,[false],False,0,0,[],0,"{""actor_truth_used_for_detection"": false, ""adapter_id"": ""phase5d13_teammate_only"", ""detected_mask_from_adapter"": [false], ""detection_source"": ""holoocean_sensor_event_candidate_fusion"", ""episode_id"": ""phase5d13_teammate_only"", ""found_mask_before_adapter"": [false], ""known_teammate_count"": 3, ""recommended_rule_id"": ""sphere_blob_local_range_scaled_any_hit"", ""source_accepted_candidate_count"": 0, ""source_accepted_event_count"": 0, ""source_fused_candidate_count"": 0, ""source_fused_world_position_first_cluster"": null, ""source_per_agent_event_count"": 664, ""source_policy_step"": 6, ""source_raw_sensor_detection_count"": 0, ""source_reporter_usv_ids_first_cluster"": [], ""source_shared_found"": false, ""source_teammate_rejected_count"": 0, ""target_truth_used_for_detection"": false, ""teammate_truth_used_for_detection"": false, ""truth_used_for_detection"": false}",False,False,False,False,baseline_GP.holoocean_bridge.mainline_perception_adapter,6,[false],True,False,baseline_GP_mainline_planner
teammate_only,7,[false],False,0,0,[],0,"{""actor_truth_used_for_detection"": false, ""adapter_id"": ""phase5d13_teammate_only"", ""detected_mask_from_adapter"": [false], ""detection_source"": ""holoocean_sensor_event_candidate_fusion"", ""episode_id"": ""phase5d13_teammate_only"", ""found_mask_before_adapter"": [false], ""known_teammate_count"": 3, ""recommended_rule_id"": ""sphere_blob_local_range_scaled_any_hit"", ""source_accepted_candidate_count"": 0, ""source_accepted_event_count"": 0, ""source_fused_candidate_count"": 0, ""source_fused_world_position_first_cluster"": null, ""source_per_agent_event_count"": 680, ""source_policy_step"": 7, ""source_raw_sensor_detection_count"": 0, ""source_reporter_usv_ids_first_cluster"": [], ""source_shared_found"": false, ""source_teammate_rejected_count"": 0, ""target_truth_used_for_detection"": false, ""teammate_truth_used_for_detection"": false, ""truth_used_for_detection"": false}",False,False,False,False,baseline_GP.holoocean_bridge.mainline_perception_adapter,7,[false],True,False,baseline_GP_mainline_planner
teammate_only,8,[false],False,0,0,[],0,"{""actor_truth_used_for_detection"": false, ""adapter_id"": ""phase5d13_teammate_only"", ""detected_mask_from_adapter"": [false], ""detection_source"": ""holoocean_sensor_event_candidate_fusion"", ""episode_id"": ""phase5d13_teammate_only"", ""found_mask_before_adapter"": [false], ""known_teammate_count"": 3, ""recommended_rule_id"": ""sphere_blob_local_range_scaled_any_hit"", ""source_accepted_candidate_count"": 0, ""source_accepted_event_count"": 0, ""source_fused_candidate_count"": 0, ""source_fused_world_position_first_cluster"": null, ""source_per_agent_event_count"": 660, ""source_policy_step"": 8, ""source_raw_sensor_detection_count"": 0, ""source_reporter_usv_ids_first_cluster"": [], ""source_shared_found"": false, ""source_teammate_rejected_count"": 0, ""target_truth_used_for_detection"": false, ""teammate_truth_used_for_detection"": false, ""truth_used_for_detection"": false}",False,False,False,False,baseline_GP.holoocean_bridge.mainline_perception_adapter,8,[false],True,False,baseline_GP_mainline_planner
teammate_only,9,[false],False,0,0,[],0,"{""actor_truth_used_for_detection"": false, ""adapter_id"": ""phase5d13_teammate_only"", ""detected_mask_from_adapter"": [false], ""detection_source"": ""holoocean_sensor_event_candidate_fusion"", ""episode_id"": ""phase5d13_teammate_only"", ""found_mask_before_adapter"": [false], ""known_teammate_count"": 3, ""recommended_rule_id"": ""sphere_blob_local_range_scaled_any_hit"", ""source_accepted_candidate_count"": 0, ""source_accepted_event_count"": 0, ""source_fused_candidate_count"": 0, ""source_fused_world_position_first_cluster"": null, ""source_per_agent_event_count"": 684, ""source_policy_step"": 9, ""source_raw_sensor_detection_count"": 0, ""source_reporter_usv_ids_first_cluster"": [], ""source_shared_found"": false, ""source_teammate_rejected_count"": 0, ""target_truth_used_for_detection"": false, ""teammate_truth_used_for_detection"": false, ""truth_used_for_detection"": false}",False,False,False,False,baseline_GP.holoocean_bridge.mainline_perception_adapter,9,[false],True,False,baseline_GP_mainline_planner
teammate_only,10,[false],False,0,0,[],0,"{""actor_truth_used_for_detection"": false, ""adapter_id"": ""phase5d13_teammate_only"", ""detected_mask_from_adapter"": [false], ""detection_source"": ""holoocean_sensor_event_candidate_fusion"", ""episode_id"": ""phase5d13_teammate_only"", ""found_mask_before_adapter"": [false], ""known_teammate_count"": 3, ""recommended_rule_id"": ""sphere_blob_local_range_scaled_any_hit"", ""source_accepted_candidate_count"": 0, ""source_accepted_event_count"": 0, ""source_fused_candidate_count"": 0, ""source_fused_world_position_first_cluster"": null, ""source_per_agent_event_count"": 656, ""source_policy_step"": 10, ""source_raw_sensor_detection_count"": 0, ""source_reporter_usv_ids_first_cluster"": [], ""source_shared_found"": false, ""source_teammate_rejected_count"": 0, ""target_truth_used_for_detection"": false, ""teammate_truth_used_for_detection"": false, ""truth_used_for_detection"": false}",False,False,False,False,baseline_GP.holoocean_bridge.mainline_perception_adapter,10,[false],True,False,baseline_GP_mainline_planner
teammate_only,11,[false],False,0,0,[],0,"{""actor_truth_used_for_detection"": false, ""adapter_id"": ""phase5d13_teammate_only"", ""detected_mask_from_adapter"": [false], ""detection_source"": ""holoocean_sensor_event_candidate_fusion"", ""episode_id"": ""phase5d13_teammate_only"", ""found_mask_before_adapter"": [false], ""known_teammate_count"": 3, ""recommended_rule_id"": ""sphere_blob_local_range_scaled_any_hit"", ""source_accepted_candidate_count"": 0, ""source_accepted_event_count"": 0, ""source_fused_candidate_count"": 0, ""source_fused_world_position_first_cluster"": null, ""source_per_agent_event_count"": 664, ""source_policy_step"": 11, ""source_raw_sensor_detection_count"": 0, ""source_reporter_usv_ids_first_cluster"": [], ""source_shared_found"": false, ""source_teammate_rejected_count"": 0, ""target_truth_used_for_detection"": false, ""teammate_truth_used_for_detection"": false, ""truth_used_for_detection"": false}",False,False,False,False,baseline_GP.holoocean_bridge.mainline_perception_adapter,11,[false],True,False,baseline_GP_mainline_planner
teammate_only,12,[false],False,0,0,[],0,"{""actor_truth_used_for_detection"": false, ""adapter_id"": ""phase5d13_teammate_only"", ""detected_mask_from_adapter"": [false], ""detection_source"": ""holoocean_sensor_event_candidate_fusion"", ""episode_id"": ""phase5d13_teammate_only"", ""found_mask_before_adapter"": [false], ""known_teammate_count"": 3, ""recommended_rule_id"": ""sphere_blob_local_range_scaled_any_hit"", ""source_accepted_candidate_count"": 0, ""source_accepted_event_count"": 0, ""source_fused_candidate_count"": 0, ""source_fused_world_position_first_cluster"": null, ""source_per_agent_event_count"": 668, ""source_policy_step"": 12, ""source_raw_sensor_detection_count"": 4, ""source_reporter_usv_ids_first_cluster"": [], ""source_shared_found"": false, ""source_teammate_rejected_count"": 4, ""target_truth_used_for_detection"": false, ""teammate_truth_used_for_detection"": false, ""truth_used_for_detection"": false}",False,False,False,False,baseline_GP.holoocean_bridge.mainline_perception_adapter,12,[false],True,False,baseline_GP_mainline_planner
teammate_only,13,[false],False,0,0,[],0,"{""actor_truth_used_for_detection"": false, ""adapter_id"": ""phase5d13_teammate_only"", ""detected_mask_from_adapter"": [false], ""detection_source"": ""holoocean_sensor_event_candidate_fusion"", ""episode_id"": ""phase5d13_teammate_only"", ""found_mask_before_adapter"": [false], ""known_teammate_count"": 3, ""recommended_rule_id"": ""sphere_blob_local_range_scaled_any_hit"", ""source_accepted_candidate_count"": 0, ""source_accepted_event_count"": 0, ""source_fused_candidate_count"": 0, ""source_fused_world_position_first_cluster"": null, ""source_per_agent_event_count"": 700, ""source_policy_step"": 13, ""source_raw_sensor_detection_count"": 0, ""source_reporter_usv_ids_first_cluster"": [], ""source_shared_found"": false, ""source_teammate_rejected_count"": 0, ""target_truth_used_for_detection"": false, ""teammate_truth_used_for_detection"": false, ""truth_used_for_detection"": false}",False,False,False,False,baseline_GP.holoocean_bridge.mainline_perception_adapter,13,[false],True,False,baseline_GP_mainline_planner
teammate_only,14,[false],False,0,0,[],0,"{""actor_truth_used_for_detection"": false, ""adapter_id"": ""phase5d13_teammate_only"", ""detected_mask_from_adapter"": [false], ""detection_source"": ""holoocean_sensor_event_candidate_fusion"", ""episode_id"": ""phase5d13_teammate_only"", ""found_mask_before_adapter"": [false], ""known_teammate_count"": 3, ""recommended_rule_id"": ""sphere_blob_local_range_scaled_any_hit"", ""source_accepted_candidate_count"": 0, ""source_accepted_event_count"": 0, ""source_fused_candidate_count"": 0, ""source_fused_world_position_first_cluster"": null, ""source_per_agent_event_count"": 654, ""source_policy_step"": 14, ""source_raw_sensor_detection_count"": 0, ""source_reporter_usv_ids_first_cluster"": [], ""source_shared_found"": false, ""source_teammate_rejected_count"": 0, ""target_truth_used_for_detection"": false, ""teammate_truth_used_for_detection"": false, ""truth_used_for_detection"": false}",False,False,False,False,baseline_GP.holoocean_bridge.mainline_perception_adapter,14,[false],True,False,baseline_GP_mainline_planner
teammate_only,15,[false],False,0,0,[],0,"{""actor_truth_used_for_detection"": false, ""adapter_id"": ""phase5d13_teammate_only"", ""detected_mask_from_adapter"": [false], ""detection_source"": ""holoocean_sensor_event_candidate_fusion"", ""episode_id"": ""phase5d13_teammate_only"", ""found_mask_before_adapter"": [false], ""known_teammate_count"": 3, ""recommended_rule_id"": ""sphere_blob_local_range_scaled_any_hit"", ""source_accepted_candidate_count"": 0, ""source_accepted_event_count"": 0, ""source_fused_candidate_count"": 0, ""source_fused_world_position_first_cluster"": null, ""source_per_agent_event_count"": 664, ""source_policy_step"": 15, ""source_raw_sensor_detection_count"": 72, ""source_reporter_usv_ids_first_cluster"": [], ""source_shared_found"": false, ""source_teammate_rejected_count"": 72, ""target_truth_used_for_detection"": false, ""teammate_truth_used_for_detection"": false, ""truth_used_for_detection"": false}",False,False,False,False,baseline_GP.holoocean_bridge.mainline_perception_adapter,15,[false],True,False,baseline_GP_mainline_planner
teammate_only,16,[false],False,0,0,[],0,"{""actor_truth_used_for_detection"": false, ""adapter_id"": ""phase5d13_teammate_only"", ""detected_mask_from_adapter"": [false], ""detection_source"": ""holoocean_sensor_event_candidate_fusion"", ""episode_id"": ""phase5d13_teammate_only"", ""found_mask_before_adapter"": [false], ""known_teammate_count"": 3, ""recommended_rule_id"": ""sphere_blob_local_range_scaled_any_hit"", ""source_accepted_candidate_count"": 0, ""source_accepted_event_count"": 0, ""source_fused_candidate_count"": 0, ""source_fused_world_position_first_cluster"": null, ""source_per_agent_event_count"": 668, ""source_policy_step"": 16, ""source_raw_sensor_detection_count"": 105, ""source_reporter_usv_ids_first_cluster"": [], ""source_shared_found"": false, ""source_teammate_rejected_count"": 105, ""target_truth_used_for_detection"": false, ""teammate_truth_used_for_detection"": false, ""truth_used_for_detection"": false}",False,False,False,False,baseline_GP.holoocean_bridge.mainline_perception_adapter,16,[false],True,False,baseline_GP_mainline_planner
teammate_only,17,[false],False,0,0,[],0,"{""actor_truth_used_for_detection"": false, ""adapter_id"": ""phase5d13_teammate_only"", ""detected_mask_from_adapter"": [false], ""detection_source"": ""holoocean_sensor_event_candidate_fusion"", ""episode_id"": ""phase5d13_teammate_only"", ""found_mask_before_adapter"": [false], ""known_teammate_count"": 3, ""recommended_rule_id"": ""sphere_blob_local_range_scaled_any_hit"", ""source_accepted_candidate_count"": 0, ""source_accepted_event_count"": 0, ""source_fused_candidate_count"": 0, ""source_fused_world_position_first_cluster"": null, ""source_per_agent_event_count"": 700, ""source_policy_step"": 17, ""source_raw_sensor_detection_count"": 5, ""source_reporter_usv_ids_first_cluster"": [], ""source_shared_found"": false, ""source_teammate_rejected_count"": 5, ""target_truth_used_for_detection"": false, ""teammate_truth_used_for_detection"": false, ""truth_used_for_detection"": false}",False,False,False,False,baseline_GP.holoocean_bridge.mainline_perception_adapter,17,[false],True,False,baseline_GP_mainline_planner
teammate_only,18,[false],False,0,0,[],0,"{""actor_truth_used_for_detection"": false, ""adapter_id"": ""phase5d13_teammate_only"", ""detected_mask_from_adapter"": [false], ""detection_source"": ""holoocean_sensor_event_candidate_fusion"", ""episode_id"": ""phase5d13_teammate_only"", ""found_mask_before_adapter"": [false], ""known_teammate_count"": 3, ""recommended_rule_id"": ""sphere_blob_local_range_scaled_any_hit"", ""source_accepted_candidate_count"": 0, ""source_accepted_event_count"": 0, ""source_fused_candidate_count"": 0, ""source_fused_world_position_first_cluster"": null, ""source_per_agent_event_count"": 726, ""source_policy_step"": 18, ""source_raw_sensor_detection_count"": 0, ""source_reporter_usv_ids_first_cluster"": [], ""source_shared_found"": false, ""source_teammate_rejected_count"": 0, ""target_truth_used_for_detection"": false, ""teammate_truth_used_for_detection"": false, ""truth_used_for_detection"": false}",False,False,False,False,baseline_GP.holoocean_bridge.mainline_perception_adapter,18,[false],True,False,baseline_GP_mainline_planner
teammate_only,19,[false],False,0,0,[],0,"{""actor_truth_used_for_detection"": false, ""adapter_id"": ""phase5d13_teammate_only"", ""detected_mask_from_adapter"": [false], ""detection_source"": ""holoocean_sensor_event_candidate_fusion"", ""episode_id"": ""phase5d13_teammate_only"", ""found_mask_before_adapter"": [false], ""known_teammate_count"": 3, ""recommended_rule_id"": ""sphere_blob_local_range_scaled_any_hit"", ""source_accepted_candidate_count"": 0, ""source_accepted_event_count"": 0, ""source_fused_candidate_count"": 0, ""source_fused_world_position_first_cluster"": null, ""source_per_agent_event_count"": 690, ""source_policy_step"": 19, ""source_raw_sensor_detection_count"": 0, ""source_reporter_usv_ids_first_cluster"": [], ""source_shared_found"": false, ""source_teammate_rejected_count"": 0, ""target_truth_used_for_detection"": false, ""teammate_truth_used_for_detection"": false, ""truth_used_for_detection"": false}",False,False,False,False,baseline_GP.holoocean_bridge.mainline_perception_adapter,19,[false],True,False,baseline_GP_mainline_planner
teammate_only,20,[false],False,0,0,[],0,"{""actor_truth_used_for_detection"": false, ""adapter_id"": ""phase5d13_teammate_only"", ""detected_mask_from_adapter"": [false], ""detection_source"": ""holoocean_sensor_event_candidate_fusion"", ""episode_id"": ""phase5d13_teammate_only"", ""found_mask_before_adapter"": [false], ""known_teammate_count"": 3, ""recommended_rule_id"": ""sphere_blob_local_range_scaled_any_hit"", ""source_accepted_candidate_count"": 0, ""source_accepted_event_count"": 0, ""source_fused_candidate_count"": 0, ""source_fused_world_position_first_cluster"": null, ""source_per_agent_event_count"": 668, ""source_policy_step"": 20, ""source_raw_sensor_detection_count"": 0, ""source_reporter_usv_ids_first_cluster"": [], ""source_shared_found"": false, ""source_teammate_rejected_count"": 0, ""target_truth_used_for_detection"": false, ""teammate_truth_used_for_detection"": false, ""truth_used_for_detection"": false}",False,False,False,False,baseline_GP.holoocean_bridge.mainline_perception_adapter,20,[false],True,False,baseline_GP_mainline_planner
