step,policy_name,mode,robot_cell,viewpoint_cell,segment_endpoint_cell,anchor_cell,anchor_source,anchor_centroid_cell,anchor_cluster_size,anchor_cluster_peak,anchor_cluster_mean,viewpoint_rule,replanned_this_step,replan_reason,commit_remaining,planned_commit_window,commit_policy,path_length_current,planned_segment_length,planned_viewpoint_path_length,segment_path_length,fraction_of_path_executed_before_replan,switch_count,explore_utility_raw,explore_utility_norm,focus_utility_raw,focus_utility_norm,recency_utility_raw,recency_utility_norm,exec_cost_raw,exec_cost_norm,segment_turn_count,alpha_focus,kappa_commit,same_anchor_cluster,viewpoint_drift_norm,anchor_retention_bonus,viewpoint_retention_bonus,u_turn_penalty_term,u_turn_penalty_applied,planned_first_move_dir,current_viewpoint_score,best_alternative_score,total_score,anchor_switch_count,focus_anchor_active,focus_on_anchor_cluster_steps,time_since_last_detection,remaining_intensity_mass,peak_intensity_ratio,known_free_observation_ratio,effective_observation_gain,stale_refresh_ratio,detected_count_this_step,collision_this_step,collision_cell,path_invalidations_per_episode
1,known_map_greedy_viewpoint,SEARCH,"(1, 2)","(17, 23)","(1, 9)","(20, 25)",staleness,"(20, 25)",1750,1.0,1.0,anchor_viewpoint_ring,True,initial_plan|commit_expired|segment_empty,4,4,adaptive_knownmap_greedy,8,8,38,8,0.0,1,40.38954824531249,0.0,1.0426622086224386,0.0,0.0,0.0,9.05,0.0,0,0.007710525982072159,0.0,False,0.0,0.0,0.0,0.0,False,"(0, 1)",0.0,0.0,0.0,0,False,0,21,3.9485629456091114,1.1143289550049265,0.018018018018018018,0.1935483870967742,0.0,0,False,,0
2,known_map_greedy_viewpoint,SEARCH,"(1, 3)","(17, 23)","(1, 9)","(20, 25)",staleness,"(20, 25)",1750,1.0,1.0,anchor_viewpoint_ring,False,,3,4,adaptive_knownmap_greedy,7,8,38,8,0.125,1,40.38954824531249,0.0,1.0426622086224386,0.0,0.0,0.0,9.05,0.0,0,0.007710525982072159,0.0,False,0.0,0.0,0.0,0.0,False,"(0, 1)",0.0,0.0,0.0,0,False,0,22,3.933387827939792,1.1762543588442063,0.021396396396396396,0.16666666666666666,0.0,0,False,,0
3,known_map_greedy_viewpoint,SEARCH,"(1, 4)","(17, 23)","(1, 9)","(20, 25)",staleness,"(20, 25)",1750,1.0,1.0,anchor_viewpoint_ring,False,,2,4,adaptive_knownmap_greedy,6,8,38,8,0.25,1,40.38954824531249,0.0,1.0426622086224386,0.0,0.0,0.0,9.05,0.0,0,0.007710525982072159,0.0,False,0.0,0.0,0.0,0.0,False,"(0, 1)",0.0,0.0,0.0,0,False,0,23,3.9196639434150446,1.1849366471609957,0.024774774774774775,0.14634146341463414,0.0,0,False,,0
4,known_map_greedy_viewpoint,SEARCH,"(1, 5)","(17, 23)","(1, 9)","(20, 25)",staleness,"(20, 25)",1750,1.0,1.0,anchor_viewpoint_ring,False,,1,4,adaptive_knownmap_greedy,5,8,38,8,0.375,1,40.38954824531249,0.0,1.0426622086224386,0.0,0.0,0.0,9.05,0.0,0,0.007710525982072159,0.0,False,0.0,0.0,0.0,0.0,False,"(0, 1)",0.0,0.0,0.0,0,False,0,24,3.906542967304709,1.1975769562043512,0.028153153153153154,0.13333333333333333,0.0,0,False,,0
5,known_map_greedy_viewpoint,SEARCH,"(1, 6)","(17, 23)","(1, 9)","(20, 25)",staleness,"(20, 25)",1750,1.0,1.0,anchor_viewpoint_ring,False,,0,4,adaptive_knownmap_greedy,4,8,38,8,0.5,1,40.38954824531249,0.0,1.0426622086224386,0.0,0.0,0.0,9.05,0.0,0,0.007710525982072159,0.0,False,0.0,0.0,0.0,0.0,False,"(0, 1)",0.0,0.0,0.0,0,False,0,25,3.893708377110908,1.2001534545719736,0.03153153153153153,0.13043478260869565,0.0,0,False,,0
6,known_map_greedy_viewpoint,SEARCH,"(1, 7)","(17, 24)","(1, 14)","(20, 26)",staleness,"(20, 26)",1720,1.0,1.0,anchor_viewpoint_ring,True,commit_expired,4,4,adaptive_knownmap_greedy,8,8,34,8,0.625,2,40.38954824531249,0.0,1.1780981159546977,0.0,0.0,0.0,9.05,0.0,0,0.3030351497716417,0.6475,True,0.2,0.0,0.0,0.0,False,"(0, 1)",0.0,0.0,0.0,0,False,0,26,3.880979890364003,1.2042672545514974,0.03490990990990991,0.13043478260869565,0.0,0,False,,0
7,known_map_greedy_viewpoint,SEARCH,"(1, 8)","(17, 24)","(1, 14)","(20, 26)",staleness,"(20, 26)",1720,1.0,1.0,anchor_viewpoint_ring,False,,3,4,adaptive_knownmap_greedy,7,8,34,8,0.125,2,40.38954824531249,0.0,1.1780981159546977,0.0,0.0,0.0,9.05,0.0,0,0.3030351497716417,0.6475,True,0.2,0.0,0.0,0.0,False,"(0, 1)",0.0,0.0,0.0,0,False,0,27,3.868286059249753,1.206037137373883,0.038288288288288286,0.13043478260869565,0.0,0,False,,0
8,known_map_greedy_viewpoint,SEARCH,"(1, 9)","(17, 24)","(1, 14)","(20, 26)",staleness,"(20, 26)",1720,1.0,1.0,anchor_viewpoint_ring,False,,2,4,adaptive_knownmap_greedy,6,8,34,8,0.25,2,40.38954824531249,0.0,1.1780981159546977,0.0,0.0,0.0,9.05,0.0,0,0.3030351497716417,0.6475,True,0.2,0.0,0.0,0.0,False,"(0, 1)",0.0,0.0,0.0,0,False,0,28,3.8556032851851665,1.2082957917779755,0.041666666666666664,0.13043478260869565,0.0,0,False,,0
9,known_map_greedy_viewpoint,SEARCH,"(1, 10)","(17, 24)","(1, 14)","(20, 26)",staleness,"(20, 26)",1720,1.0,1.0,anchor_viewpoint_ring,False,,1,4,adaptive_knownmap_greedy,5,8,34,8,0.375,2,40.38954824531249,0.0,1.1780981159546977,0.0,0.0,0.0,9.05,0.0,0,0.3030351497716417,0.6475,True,0.2,0.0,0.0,0.0,False,"(0, 1)",0.0,0.0,0.0,0,False,0,29,3.842924304614723,1.2100276394881,0.04504504504504504,0.13043478260869565,0.0,0,False,,0
10,known_map_greedy_viewpoint,SEARCH,"(1, 11)","(17, 24)","(1, 14)","(20, 26)",staleness,"(20, 26)",1720,1.0,1.0,anchor_viewpoint_ring,False,,0,4,adaptive_knownmap_greedy,4,8,34,8,0.5,2,40.38954824531249,0.0,1.1780981159546977,0.0,0.0,0.0,9.05,0.0,0,0.3030351497716417,0.6475,True,0.2,0.0,0.0,0.0,False,"(0, 1)",0.0,0.0,0.0,0,False,0,30,3.8302471207654882,1.211983669381785,0.04842342342342342,0.13043478260869565,0.0,0,False,,0
11,known_map_greedy_viewpoint,SEARCH,"(1, 12)","(17, 24)","(1, 19)","(20, 26)",staleness,"(20, 26)",1690,1.0,1.0,anchor_viewpoint_ring,True,commit_expired,4,4,adaptive_knownmap_greedy,8,8,29,8,0.625,2,40.38954824531249,0.0,2.6596012488918235,0.0,0.0,0.0,9.05,0.0,0,0.5136519235216759,0.6625,True,0.0,0.0,0.0,0.0,False,"(0, 1)",0.0,0.0,0.0,0,False,0,31,3.81757134151123,1.2138940420020203,0.0518018018018018,0.13043478260869565,0.0,0,False,,0
12,known_map_greedy_viewpoint,SEARCH,"(1, 13)","(17, 24)","(1, 19)","(20, 26)",staleness,"(20, 26)",1690,1.0,1.0,anchor_viewpoint_ring,False,,3,4,adaptive_knownmap_greedy,7,8,29,8,0.125,2,40.38954824531249,0.0,2.6596012488918235,0.0,0.0,0.0,9.05,0.0,0,0.5136519235216759,0.6625,True,0.0,0.0,0.0,0.0,False,"(0, 1)",0.0,0.0,0.0,0,False,0,32,3.804897019421573,1.2159637399691556,0.05518018018018018,0.13043478260869565,0.0,0,False,,0
13,known_map_greedy_viewpoint,SEARCH,"(1, 14)","(17, 24)","(1, 19)","(20, 26)",staleness,"(20, 26)",1690,1.0,1.0,anchor_viewpoint_ring,False,,2,4,adaptive_knownmap_greedy,6,8,29,8,0.25,2,40.38954824531249,0.0,2.6596012488918235,0.0,0.0,0.0,9.05,0.0,0,0.5136519235216759,0.6625,True,0.0,0.0,0.0,0.0,False,"(0, 1)",0.0,0.0,0.0,0,False,0,33,3.7922243054408407,1.2181161115020194,0.05855855855855856,0.13043478260869565,0.0,0,False,,0
14,known_map_greedy_viewpoint,SEARCH,"(1, 15)","(17, 24)","(1, 19)","(20, 26)",staleness,"(20, 26)",1690,1.0,1.0,anchor_viewpoint_ring,False,,1,4,adaptive_knownmap_greedy,5,8,29,8,0.375,2,40.38954824531249,0.0,2.6596012488918235,0.0,0.0,0.0,9.05,0.0,0,0.5136519235216759,0.6625,True,0.0,0.0,0.0,0.0,False,"(0, 1)",0.0,0.0,0.0,0,False,0,34,3.7795533542302113,1.2204047753356106,0.061936936936936936,0.13043478260869565,0.0,0,False,,0
15,known_map_greedy_viewpoint,SEARCH,"(1, 16)","(17, 24)","(1, 19)","(20, 26)",staleness,"(20, 26)",1690,1.0,1.0,anchor_viewpoint_ring,False,,0,4,adaptive_knownmap_greedy,4,8,29,8,0.5,2,40.38954824531249,0.0,2.6596012488918235,0.0,0.0,0.0,9.05,0.0,0,0.5136519235216759,0.6625,True,0.0,0.0,0.0,0.0,False,"(0, 1)",0.0,0.0,0.0,0,False,0,35,3.766884302509477,1.2228037386925052,0.06531531531531531,0.13043478260869565,0.0,0,False,,0
16,known_map_greedy_viewpoint,SEARCH,"(1, 17)","(19, 23)","(2, 23)","(21, 26)",staleness,"(21, 26)",1670,1.0,0.9997504990019961,anchor_viewpoint_ring,True,commit_expired,4,4,adaptive_knownmap_greedy,8,8,25,8,0.625,3,40.38954824531249,0.0,1.4233461269850975,1.0,0.0,0.0,9.16875,1.0,1,0.5842082269828043,0.7041666666666666,True,0.447213595499958,0.0,0.0,0.0,False,"(0, 1)",0.0,0.55,0.55,0,False,0,36,3.7542172665856426,1.2253914312110457,0.0686936936936937,0.13043478260869565,0.0,0,False,,0
17,known_map_greedy_viewpoint,SEARCH,"(1, 18)","(19, 23)","(2, 23)","(21, 26)",staleness,"(21, 26)",1670,1.0,0.9997504990019961,anchor_viewpoint_ring,False,,3,4,adaptive_knownmap_greedy,7,8,25,8,0.125,3,40.38954824531249,0.0,1.4233461269850975,1.0,0.0,0.0,9.16875,1.0,1,0.5842082269828043,0.7041666666666666,True,0.447213595499958,0.0,0.0,0.0,False,"(0, 1)",0.0,0.55,0.55,0,False,0,37,3.7415523420591734,1.2280794551729735,0.07207207207207207,0.13043478260869565,0.0,0,False,,0
18,known_map_greedy_viewpoint,SEARCH,"(1, 19)","(19, 23)","(2, 23)","(21, 26)",staleness,"(21, 26)",1670,1.0,0.9997504990019961,anchor_viewpoint_ring,False,,2,4,adaptive_knownmap_greedy,6,8,25,8,0.25,3,40.38954824531249,0.0,1.4233461269850975,1.0,0.0,0.0,9.16875,1.0,1,0.5842082269828043,0.7041666666666666,True,0.447213595499958,0.0,0.0,0.0,False,"(0, 1)",0.0,0.55,0.55,0,False,0,38,3.7288895862029943,1.2308493405336491,0.07545045045045046,0.13043478260869565,0.0,0,False,,0
19,known_map_greedy_viewpoint,SEARCH,"(1, 20)","(19, 23)","(2, 23)","(21, 26)",staleness,"(21, 26)",1670,1.0,0.9997504990019961,anchor_viewpoint_ring,False,,1,4,adaptive_knownmap_greedy,5,8,25,8,0.375,3,40.38954824531249,0.0,1.4233461269850975,1.0,0.0,0.0,9.16875,1.0,1,0.5842082269828043,0.7041666666666666,True,0.447213595499958,0.0,0.0,0.0,False,"(0, 1)",0.0,0.55,0.55,0,False,0,39,3.7162289184345383,1.233705655307531,0.07882882882882883,0.13043478260869565,0.0,0,False,,0
20,known_map_greedy_viewpoint,SEARCH,"(1, 21)","(19, 23)","(2, 23)","(21, 26)",staleness,"(21, 26)",1670,1.0,0.9997504990019961,anchor_viewpoint_ring,False,,0,4,adaptive_knownmap_greedy,4,8,25,8,0.5,3,40.38954824531249,0.0,1.4233461269850975,1.0,0.0,0.0,9.16875,1.0,1,0.5842082269828043,0.7041666666666666,True,0.447213595499958,0.0,0.0,0.0,False,"(0, 1)",0.0,0.55,0.55,0,False,0,40,3.7035697960672014,1.2366471379744866,0.08220720720720721,0.13043478260869565,0.0,0,False,,0
21,known_map_greedy_viewpoint,SEARCH,"(1, 22)","(19, 23)","(7, 23)","(21, 26)",staleness,"(21, 26)",1670,1.0,0.9997005988023953,anchor_viewpoint_ring,True,commit_expired,4,4,adaptive_knownmap_greedy,8,8,20,8,0.625,3,55.746876038281236,1.0,1.47858875825858,1.0,0.3642729726562499,1.0,8.5125,0.0,1,0.5886945501918395,0.6470491502812526,True,0.0,0.0,0.0,0.0,False,"(0, 1)",12.0,12.0,12.0,0,False,0,41,3.690910513996217,1.2396734411733483,0.08558558558558559,0.13043478260869565,0.0,0,False,,0
22,known_map_greedy_viewpoint,SEARCH,"(1, 23)","(19, 23)","(7, 23)","(21, 26)",staleness,"(21, 26)",1670,1.0,0.9997005988023953,anchor_viewpoint_ring,False,,3,4,adaptive_knownmap_greedy,7,8,20,8,0.125,3,55.746876038281236,1.0,1.47858875825858,1.0,0.3642729726562499,1.0,8.5125,0.0,1,0.5886945501918395,0.6470491502812526,True,0.0,0.0,0.0,0.0,False,"(0, 1)",12.0,12.0,12.0,0,False,0,42,3.678247189211712,1.2427831393173474,0.08896396396396396,0.13043478260869565,0.0,0,False,,0
23,known_map_greedy_viewpoint,SEARCH,"(2, 23)","(19, 23)","(7, 23)","(21, 26)",staleness,"(21, 26)",1670,1.0,0.9997005988023953,anchor_viewpoint_ring,False,,2,4,adaptive_knownmap_greedy,6,8,20,8,0.25,3,55.746876038281236,1.0,1.47858875825858,1.0,0.3642729726562499,1.0,8.5125,0.0,1,0.5886945501918395,0.6470491502812526,True,0.0,0.0,0.0,0.0,False,"(0, 1)",12.0,12.0,12.0,0,False,0,43,3.6639380066329803,1.2465320370364292,0.09234234234234234,0.10909090909090909,0.0,0,False,,0
24,known_map_greedy_viewpoint,SEARCH,"(3, 23)","(19, 23)","(7, 23)","(21, 26)",staleness,"(21, 26)",1670,1.0,0.9997005988023953,anchor_viewpoint_ring,False,,1,4,adaptive_knownmap_greedy,5,8,20,8,0.375,3,55.746876038281236,1.0,1.47858875825858,1.0,0.3642729726562499,1.0,8.5125,0.0,1,0.5886945501918395,0.6470491502812526,True,0.0,0.0,0.0,0.0,False,"(0, 1)",12.0,12.0,12.0,0,False,0,44,3.647236275772892,1.251185022795799,0.09740990990990991,0.140625,0.0,0,False,,0
25,known_map_greedy_viewpoint,SEARCH,"(4, 23)","(19, 23)","(7, 23)","(21, 26)",staleness,"(21, 26)",1670,1.0,0.9997005988023953,anchor_viewpoint_ring,False,,0,4,adaptive_knownmap_greedy,4,8,20,8,0.5,3,55.746876038281236,1.0,1.47858875825858,1.0,0.3642729726562499,1.0,8.5125,0.0,1,0.5886945501918395,0.6470491502812526,True,0.0,0.0,0.0,0.0,False,"(0, 1)",12.0,12.0,12.0,0,False,0,45,3.628322822267313,1.2566975681889214,0.10304054054054054,0.136986301369863,0.0,0,False,,0
26,known_map_greedy_viewpoint,SEARCH,"(5, 23)","(18, 23)","(12, 23)","(21, 25)",staleness,"(21, 25)",1663,1.0,0.9996993385447985,anchor_viewpoint_ring,True,commit_expired,4,4,adaptive_knownmap_greedy,8,8,14,8,0.625,4,72.09750511640624,1.0,2.9050227361604097,0.9643918420012404,0.6392857142857142,1.0,8.0,0.0,0,0.5266297785235667,0.675139320225002,True,0.2,0.0,0.0,0.0,False,"(1, 0)",11.928812045169172,11.964391842001241,11.964391842001241,0,False,0,46,3.60786536522675,1.2628560296464688,0.10867117117117117,0.125,0.0,0,False,,0
27,known_map_greedy_viewpoint,SEARCH,"(6, 23)","(18, 23)","(12, 23)","(21, 25)",staleness,"(21, 25)",1663,1.0,0.9996993385447985,anchor_viewpoint_ring,False,,3,4,adaptive_knownmap_greedy,7,8,14,8,0.125,4,72.09750511640624,1.0,2.9050227361604097,0.9643918420012404,0.6392857142857142,1.0,8.0,0.0,0,0.5266297785235667,0.675139320225002,True,0.2,0.0,0.0,0.0,False,"(1, 0)",11.928812045169172,11.964391842001241,11.964391842001241,0,False,0,47,3.5864026886147116,1.2694853730112392,0.1143018018018018,0.13580246913580246,0.012345679012345678,0,False,,0
28,known_map_greedy_viewpoint,SEARCH,"(7, 23)","(18, 23)","(12, 23)","(21, 25)",staleness,"(21, 25)",1663,1.0,0.9996993385447985,anchor_viewpoint_ring,False,,2,4,adaptive_knownmap_greedy,6,8,14,8,0.25,4,72.09750511640624,1.0,2.9050227361604097,0.9643918420012404,0.6392857142857142,1.0,8.0,0.0,0,0.5266297785235667,0.675139320225002,True,0.2,0.0,0.0,0.0,False,"(1, 0)",11.928812045169172,11.964391842001241,11.964391842001241,0,False,0,48,3.564275444539286,1.2764745851950878,0.1204954954954955,0.13580246913580246,0.0,0,False,,0
29,known_map_greedy_viewpoint,SEARCH,"(8, 23)","(18, 23)","(12, 23)","(21, 25)",staleness,"(21, 25)",1663,1.0,0.9996993385447985,anchor_viewpoint_ring,False,,1,4,adaptive_knownmap_greedy,5,8,14,8,0.375,4,72.09750511640624,1.0,2.9050227361604097,0.9643918420012404,0.6392857142857142,1.0,8.0,0.0,0,0.5266297785235667,0.675139320225002,True,0.2,0.0,0.0,0.0,False,"(1, 0)",11.928812045169172,11.964391842001241,11.964391842001241,0,False,0,49,3.541719711928612,1.2837458805242452,0.1266891891891892,0.13580246913580246,0.0,0,False,,0
30,known_map_greedy_viewpoint,SEARCH,"(9, 23)","(18, 23)","(12, 23)","(21, 25)",staleness,"(21, 25)",1663,1.0,0.9996993385447985,anchor_viewpoint_ring,False,,0,4,adaptive_knownmap_greedy,4,8,14,8,0.5,4,72.09750511640624,1.0,2.9050227361604097,0.9643918420012404,0.6392857142857142,1.0,8.0,0.0,0,0.5266297785235667,0.675139320225002,True,0.2,0.0,0.0,0.0,False,"(1, 0)",11.928812045169172,11.964391842001241,11.964391842001241,0,False,0,50,3.5188977853133823,1.2912450963533493,0.13288288288288289,0.13580246913580246,0.0,0,False,,0
31,known_map_greedy_viewpoint,SEARCH,"(10, 23)","(18, 23)","(17, 23)","(21, 25)",staleness,"(21, 25)",1637,1.0,0.9997454693545104,anchor_viewpoint_ring,True,commit_expired,4,4,adaptive_knownmap_greedy,8,8,9,8,0.625,4,74.04750511640623,1.0,5.124478446427287,0.9451996227622197,0.0,0.0,8.0,0.0,0,0.6915590333890889,0.6521994335208351,True,0.0,0.0,0.0,0.0,False,"(1, 0)",7.945199622762219,7.945199622762219,7.945199622762219,0,False,0,51,3.495917536921276,1.298935846259609,0.13907657657657657,0.13580246913580246,0.0,0,False,,0
32,known_map_greedy_viewpoint,SEARCH,"(11, 23)","(18, 23)","(17, 23)","(21, 25)",staleness,"(21, 25)",1637,1.0,0.9997454693545104,anchor_viewpoint_ring,False,,3,4,adaptive_knownmap_greedy,7,8,9,8,0.125,4,74.04750511640623,1.0,5.124478446427287,0.9451996227622197,0.0,0.0,8.0,0.0,0,0.6915590333890889,0.6521994335208351,True,0.0,0.0,0.0,0.0,False,"(1, 0)",7.945199622762219,7.945199622762219,7.945199622762219,0,False,0,52,3.47284798879521,1.3067947166590341,0.14527027027027026,0.13580246913580246,0.0,0,False,,0
33,known_map_greedy_viewpoint,SEARCH,"(12, 23)","(18, 23)","(17, 23)","(21, 25)",staleness,"(21, 25)",1637,1.0,0.9997454693545104,anchor_viewpoint_ring,False,,2,4,adaptive_knownmap_greedy,6,8,9,8,0.25,4,74.04750511640623,1.0,5.124478446427287,0.9451996227622197,0.0,0.0,8.0,0.0,0,0.6915590333890889,0.6521994335208351,True,0.0,0.0,0.0,0.0,False,"(1, 0)",7.945199622762219,7.945199622762219,7.945199622762219,0,False,0,53,3.449731285963667,1.314807509522097,0.15146396396396397,0.13580246913580246,0.0,0,False,,0
34,known_map_greedy_viewpoint,SEARCH,"(13, 23)","(18, 23)","(17, 23)","(21, 25)",staleness,"(21, 25)",1637,1.0,0.9997454693545104,anchor_viewpoint_ring,False,,1,4,adaptive_knownmap_greedy,5,8,9,8,0.375,4,74.04750511640623,1.0,5.124478446427287,0.9451996227622197,0.0,0.0,8.0,0.0,0,0.6915590333890889,0.6521994335208351,True,0.0,0.0,0.0,0.0,False,"(1, 0)",7.945199622762219,7.945199622762219,7.945199622762219,0,False,0,54,3.426591779661072,1.3229663115900585,0.15765765765765766,0.13580246913580246,0.0,0,False,,0
35,known_map_greedy_viewpoint,SEARCH,"(14, 23)","(18, 23)","(17, 23)","(21, 25)",staleness,"(21, 25)",1637,1.0,0.9997454693545104,anchor_viewpoint_ring,False,,0,4,adaptive_knownmap_greedy,4,8,9,8,0.5,4,74.04750511640623,1.0,5.124478446427287,0.9451996227622197,0.0,0.0,8.0,0.0,0,0.6915590333890889,0.6521994335208351,True,0.0,0.0,0.0,0.0,False,"(1, 0)",7.945199622762219,7.945199622762219,7.945199622762219,0,False,0,55,3.403442629595684,1.331267308338771,0.16385135135135134,0.13580246913580246,0.0,0,False,,0
36,known_map_greedy_viewpoint,SEARCH,"(14, 24)","(19, 28)","(17, 28)","(21, 25)",staleness,"(21, 25)",1593,1.0,0.9998953756015904,anchor_viewpoint_ring,True,commit_expired,4,4,adaptive_knownmap_greedy,8,8,10,8,0.625,5,58.5356981015625,0.750225115879049,2.272987936934414,0.050727737677967455,0.7642873263888887,1.0,8.25,1.0,1,0.6496314199656474,0.6521994335208351,True,1.0,0.0,0.0,0.0,False,"(0, 1)",0.23828129615867877,8.852303548831312,8.852303548831312,0,False,0,56,3.385905886513733,1.3374873249281392,0.16722972972972974,0.07407407407407407,0.0,0,False,,0
37,known_map_greedy_viewpoint,SEARCH,"(14, 25)","(19, 28)","(17, 28)","(21, 25)",staleness,"(21, 25)",1593,1.0,0.9998953756015904,anchor_viewpoint_ring,False,,3,4,adaptive_knownmap_greedy,7,8,10,8,0.125,5,58.5356981015625,0.750225115879049,2.272987936934414,0.050727737677967455,0.7642873263888887,1.0,8.25,1.0,1,0.6496314199656474,0.6521994335208351,True,1.0,0.0,0.0,0.0,False,"(0, 1)",0.23828129615867877,8.852303548831312,8.852303548831312,0,False,0,57,3.3682225974140128,1.3438551166144328,0.17229729729729729,0.1111111111111111,0.0,0,False,,0
38,known_map_greedy_viewpoint,SEARCH,"(14, 26)","(19, 28)","(17, 28)","(21, 25)",staleness,"(21, 25)",1593,1.0,0.9998953756015904,anchor_viewpoint_ring,False,,2,4,adaptive_knownmap_greedy,6,8,10,8,0.25,5,58.5356981015625,0.750225115879049,2.272987936934414,0.050727737677967455,0.7642873263888887,1.0,8.25,1.0,1,0.6496314199656474,0.6521994335208351,True,1.0,0.0,0.0,0.0,False,"(0, 1)",0.23828129615867877,8.852303548831312,8.852303548831312,0,False,0,58,3.3490720901406714,1.3509049322913145,0.17792792792792791,0.12345679012345678,0.0,0,False,,0
39,known_map_greedy_viewpoint,SEARCH,"(14, 27)","(19, 28)","(17, 28)","(21, 25)",staleness,"(21, 25)",1593,1.0,0.9998953756015904,anchor_viewpoint_ring,False,,1,4,adaptive_knownmap_greedy,5,8,10,8,0.375,5,58.5356981015625,0.750225115879049,2.272987936934414,0.050727737677967455,0.7642873263888887,1.0,8.25,1.0,1,0.6496314199656474,0.6521994335208351,True,1.0,0.0,0.0,0.0,False,"(0, 1)",0.23828129615867877,8.852303548831312,8.852303548831312,0,False,0,59,3.328497750373765,1.3586388280759107,0.18355855855855857,0.12345679012345678,0.0,0,False,,0
40,known_map_greedy_viewpoint,SEARCH,"(14, 28)","(19, 28)","(17, 28)","(21, 25)",staleness,"(21, 25)",1593,1.0,0.9998953756015904,anchor_viewpoint_ring,False,,0,4,adaptive_knownmap_greedy,4,8,10,8,0.5,5,58.5356981015625,0.750225115879049,2.272987936934414,0.050727737677967455,0.7642873263888887,1.0,8.25,1.0,1,0.6496314199656474,0.6521994335208351,True,1.0,0.0,0.0,0.0,False,"(0, 1)",0.23828129615867877,8.852303548831312,8.852303548831312,0,False,0,60,3.3068490105162174,1.3669338703899108,0.1891891891891892,0.13580246913580246,0.012345679012345678,0,False,,0
41,known_map_greedy_viewpoint,SEARCH,"(15, 28)","(22, 28)","(22, 28)","(20, 25)",staleness,"(20, 25)",1595,1.0,0.9994252873563217,anchor_viewpoint_ring,True,commit_expired,4,4,adaptive_knownmap_greedy,8,8,8,8,0.625,6,64.57312386640623,1.0,2.4132966416724,0.30389921973641915,0.7642873263888887,0.3563222358377798,8.0,0.9411764705882353,0,0.6244897745857556,0.6188661001875018,True,0.6,0.0,0.0,0.0,False,"(1, 0)",4.959163760792074,8.305658751322833,8.305658751322833,0,False,0,61,3.289475690738975,1.3735706094103157,0.19256756756756757,0.07407407407407407,0.0,0,False,,0
42,known_map_greedy_viewpoint,SEARCH,"(16, 28)","(22, 28)","(22, 28)","(20, 25)",staleness,"(20, 25)",1595,1.0,0.9994252873563217,anchor_viewpoint_ring,False,,3,4,adaptive_knownmap_greedy,7,8,8,8,0.125,6,64.57312386640623,1.0,2.4132966416724,0.30389921973641915,0.7642873263888887,0.3563222358377798,8.0,0.9411764705882353,0,0.6244897745857556,0.6188661001875018,True,0.6,0.0,0.0,0.0,False,"(1, 0)",4.959163760792074,8.305658751322833,8.305658751322833,0,False,0,62,3.2716335081180103,1.3804946067151065,0.19763513513513514,0.1111111111111111,0.0,0,False,,0
43,known_map_greedy_viewpoint,SEARCH,"(17, 28)","(22, 28)","(22, 28)","(20, 25)",staleness,"(20, 25)",1595,1.0,0.9994252873563217,anchor_viewpoint_ring,False,,2,4,adaptive_knownmap_greedy,6,8,8,8,0.25,6,64.57312386640623,1.0,2.4132966416724,0.30389921973641915,0.7642873263888887,0.3563222358377798,8.0,0.9411764705882353,0,0.6244897745857556,0.6188661001875018,True,0.6,0.0,0.0,0.0,False,"(1, 0)",4.959163760792074,8.305658751322833,8.305658751322833,0,False,0,63,3.252268383516243,1.3881623485256367,0.20326576576576577,0.12345679012345678,0.0,0,False,,0
44,known_map_greedy_viewpoint,SEARCH,"(18, 28)","(22, 28)","(22, 28)","(20, 25)",staleness,"(20, 25)",1595,1.0,0.9994252873563217,anchor_viewpoint_ring,False,,1,4,adaptive_knownmap_greedy,5,8,8,8,0.375,6,64.57312386640623,1.0,2.4132966416724,0.30389921973641915,0.7642873263888887,0.3563222358377798,8.0,0.9411764705882353,0,0.6244897745857556,0.6188661001875018,True,0.6,0.0,0.0,0.0,False,"(1, 0)",4.959163760792074,8.305658751322833,8.305658751322833,0,False,0,64,3.231518099347598,1.3965375663055395,0.2088963963963964,0.12345679012345678,0.0,0,False,,0
45,known_map_greedy_viewpoint,SEARCH,"(19, 28)","(22, 28)","(22, 28)","(20, 25)",staleness,"(20, 25)",1595,1.0,0.9994252873563217,anchor_viewpoint_ring,False,,0,4,adaptive_knownmap_greedy,4,8,8,8,0.5,6,64.57312386640623,1.0,2.4132966416724,0.30389921973641915,0.7642873263888887,0.3563222358377798,8.0,0.9411764705882353,0,0.6244897745857556,0.6188661001875018,True,0.6,0.0,0.0,0.0,False,"(1, 0)",4.959163760792074,8.305658751322833,8.305658751322833,0,False,0,65,3.2097735546424175,1.4054727665250855,0.21452702702702703,0.13580246913580246,0.012345679012345678,0,False,,0
46,known_map_greedy_viewpoint,SEARCH,"(19, 27)","(22, 20)","(19, 20)","(20, 23)",staleness,"(20, 25)",1595,1.0,0.9996865203761756,anchor_viewpoint_ring,True,commit_expired,4,4,adaptive_knownmap_greedy,8,8,11,8,0.625,7,49.2591140546875,1.0,4.9478016241466864,1.0,3.4629257412326386,1.0,8.0,0.9523809523809523,0,0.6135335877022847,0.5605327668541684,True,1.0,0.0,0.0,0.0,False,"(0, -1)",4.138883813136302,11.571428571428571,11.571428571428571,0,False,0,66,3.195131724655944,1.4114011509994737,0.2179054054054054,0.07407407407407407,0.0,0,False,,0
47,known_map_greedy_viewpoint,SEARCH,"(19, 26)","(22, 20)","(19, 20)","(20, 23)",staleness,"(20, 25)",1595,1.0,0.9996865203761756,anchor_viewpoint_ring,False,,3,4,adaptive_knownmap_greedy,7,8,11,8,0.125,7,49.2591140546875,1.0,4.9478016241466864,1.0,3.4629257412326386,1.0,8.0,0.9523809523809523,0,0.6135335877022847,0.5605327668541684,True,1.0,0.0,0.0,0.0,False,"(0, -1)",4.138883813136302,11.571428571428571,11.571428571428571,0,False,0,67,3.1818925149458135,1.416774382836101,0.22128378378378377,0.1111111111111111,0.037037037037037035,0,False,,0
48,known_map_greedy_viewpoint,SEARCH,"(19, 25)","(22, 20)","(19, 20)","(20, 23)",staleness,"(20, 25)",1595,1.0,0.9996865203761756,anchor_viewpoint_ring,False,,2,4,adaptive_knownmap_greedy,6,8,11,8,0.25,7,49.2591140546875,1.0,4.9478016241466864,1.0,3.4629257412326386,1.0,8.0,0.9523809523809523,0,0.6135335877022847,0.5605327668541684,True,1.0,0.0,0.0,0.0,False,"(0, -1)",4.138883813136302,11.571428571428571,11.571428571428571,0,False,0,68,3.1682544374996864,1.422385971795247,0.22466216216216217,0.12345679012345678,0.04938271604938271,0,False,,0
49,known_map_greedy_viewpoint,SEARCH,"(19, 24)","(22, 20)","(19, 20)","(20, 23)",staleness,"(20, 25)",1595,1.0,0.9996865203761756,anchor_viewpoint_ring,False,,1,4,adaptive_knownmap_greedy,5,8,11,8,0.375,7,49.2591140546875,1.0,4.9478016241466864,1.0,3.4629257412326386,1.0,8.0,0.9523809523809523,0,0.6135335877022847,0.5605327668541684,True,1.0,0.0,0.0,0.0,False,"(0, -1)",4.138883813136302,11.571428571428571,11.571428571428571,0,False,0,69,3.153610439351352,1.4285153908368384,0.22804054054054054,0.12345679012345678,0.04938271604938271,0,False,,0
50,known_map_greedy_viewpoint,SEARCH,"(19, 23)","(22, 20)","(19, 20)","(20, 23)",staleness,"(20, 25)",1595,1.0,0.9996865203761756,anchor_viewpoint_ring,False,,0,4,adaptive_knownmap_greedy,4,8,11,8,0.5,7,49.2591140546875,1.0,4.9478016241466864,1.0,3.4629257412326386,1.0,8.0,0.9523809523809523,0,0.6135335877022847,0.5605327668541684,True,1.0,0.0,0.0,0.0,False,"(0, -1)",4.138883813136302,11.571428571428571,11.571428571428571,0,False,0,70,3.13773529174445,1.4352781657749507,0.23198198198198197,0.13580246913580246,0.04938271604938271,0,False,,0
51,known_map_greedy_viewpoint,SEARCH,"(19, 22)","(26, 19)","(23, 19)","(24, 22)",staleness,"(20, 25)",1595,1.0,0.9996865203761756,anchor_viewpoint_ring,True,commit_expired,4,4,adaptive_knownmap_greedy,8,8,11,8,0.625,8,62.284107804687494,1.0,5.972975584222297,1.0,2.73649537037037,1.0,8.25,1.0,1,0.5286499211116533,0.5375000000000001,True,0.8246211251235321,0.0,0.0,0.0,False,"(0, -1)",8.476610414157616,11.55,11.55,0,False,0,71,3.1205644611634056,1.442721201867869,0.23704954954954954,0.13580246913580246,0.024691358024691357,0,False,,0
52,known_map_greedy_viewpoint,SEARCH,"(19, 21)","(26, 19)","(23, 19)","(24, 22)",staleness,"(20, 25)",1595,1.0,0.9996865203761756,anchor_viewpoint_ring,False,,3,4,adaptive_knownmap_greedy,7,8,11,8,0.125,8,62.284107804687494,1.0,5.972975584222297,1.0,2.73649537037037,1.0,8.25,1.0,1,0.5286499211116533,0.5375000000000001,True,0.8246211251235321,0.0,0.0,0.0,False,"(0, -1)",8.476610414157616,11.55,11.55,0,False,0,0,2.120564461163406,1.4450138117249645,0.24268018018018017,0.13580246913580246,0.012345679012345678,1,False,,0
53,known_map_greedy_viewpoint,SEARCH,"(19, 20)","(26, 19)","(23, 19)","(24, 22)",staleness,"(20, 25)",1595,1.0,0.9996865203761756,anchor_viewpoint_ring,False,,2,4,adaptive_knownmap_greedy,6,8,11,8,0.25,8,62.284107804687494,1.0,5.972975584222297,1.0,2.73649537037037,1.0,8.25,1.0,1,0.5286499211116533,0.5375000000000001,True,0.8246211251235321,0.0,0.0,0.0,False,"(0, -1)",8.476610414157616,11.55,11.55,0,False,0,0,1.120564461163406,1.4488111529549812,0.2483108108108108,0.13580246913580246,0.012345679012345678,1,False,,0
54,known_map_greedy_viewpoint,SEARCH,"(19, 19)","(26, 19)","(23, 19)","(24, 22)",staleness,"(20, 25)",1595,1.0,0.9996865203761756,anchor_viewpoint_ring,False,,1,4,adaptive_knownmap_greedy,5,8,11,8,0.375,8,62.284107804687494,1.0,5.972975584222297,1.0,2.73649537037037,1.0,8.25,1.0,1,0.5286499211116533,0.5375000000000001,True,0.8246211251235321,0.0,0.0,0.0,False,"(0, -1)",8.476610414157616,11.55,11.55,0,False,0,1,1.10864417470991,1.4639627068103325,0.25394144144144143,0.13580246913580246,0.012345679012345678,0,False,,0
55,known_map_greedy_viewpoint,SEARCH,"(20, 19)","(26, 19)","(23, 19)","(24, 22)",staleness,"(20, 25)",1595,1.0,0.9996865203761756,anchor_viewpoint_ring,False,,0,4,adaptive_knownmap_greedy,4,8,11,8,0.5,8,62.284107804687494,1.0,5.972975584222297,1.0,2.73649537037037,1.0,8.25,1.0,1,0.5286499211116533,0.5375000000000001,True,0.8246211251235321,0.0,0.0,0.0,False,"(0, -1)",8.476610414157616,11.55,11.55,0,False,0,2,1.1006834084032906,1.474132481959588,0.25731981981981983,0.07407407407407407,0.0,0,False,,0
56,known_map_greedy_viewpoint,SEARCH,"(21, 19)","(26, 19)","(26, 19)","(24, 22)",staleness,"(24, 22)",1,0.0,0.0,anchor_viewpoint_ring,True,commit_expired,4,4,adaptive_knownmap_greedy,6,6,6,6,0.625,8,53.569909062499995,1.0,4.5351806698421075,1.0,0.8207476851851851,0.2526712168756027,6.0,0.64,0,0.791401518051438,0.4698074531198528,False,0.0,0.0,0.0,0.0,False,"(1, 0)",8.72268486750241,8.72268486750241,8.72268486750241,1,False,0,3,1.0935399898326819,1.483351421396615,0.26238738738738737,0.1111111111111111,0.0,0,False,,0
57,known_map_greedy_viewpoint,SEARCH,"(22, 19)","(26, 19)","(26, 19)","(24, 22)",staleness,"(24, 22)",1,0.0,0.0,anchor_viewpoint_ring,False,,3,4,adaptive_knownmap_greedy,5,6,6,6,0.16666666666666666,8,53.569909062499995,1.0,4.5351806698421075,1.0,0.8207476851851851,0.2526712168756027,6.0,0.64,0,0.791401518051438,0.4698074531198528,False,0.0,0.0,0.0,0.0,False,"(1, 0)",8.72268486750241,8.72268486750241,8.72268486750241,1,False,0,4,1.086314621264222,1.4928143514837677,0.268018018018018,0.12345679012345678,0.0,0,False,,0
58,known_map_greedy_viewpoint,SEARCH,"(23, 19)","(26, 19)","(26, 19)","(24, 22)",staleness,"(24, 22)",1,0.0,0.0,anchor_viewpoint_ring,False,,2,4,adaptive_knownmap_greedy,4,6,6,6,0.3333333333333333,8,53.569909062499995,1.0,4.5351806698421075,1.0,0.8207476851851851,0.2526712168756027,6.0,0.64,0,0.791401518051438,0.4698074531198528,False,0.0,0.0,0.0,0.0,False,"(1, 0)",8.72268486750241,8.72268486750241,8.72268486750241,1,False,0,5,1.078796164576554,1.5028219885832994,0.27364864864864863,0.12345679012345678,0.0,0,False,,0
59,known_map_greedy_viewpoint,SEARCH,"(24, 19)","(26, 19)","(26, 19)","(24, 22)",staleness,"(24, 22)",1,0.0,0.0,anchor_viewpoint_ring,False,,1,4,adaptive_knownmap_greedy,3,6,6,6,0.5,8,53.569909062499995,1.0,4.5351806698421075,1.0,0.8207476851851851,0.2526712168756027,6.0,0.64,0,0.791401518051438,0.4698074531198528,False,0.0,0.0,0.0,0.0,False,"(1, 0)",8.72268486750241,8.72268486750241,8.72268486750241,1,False,0,6,1.0709931225015545,1.5133816150434332,0.27927927927927926,0.13580246913580246,0.012345679012345678,0,False,,0
60,known_map_greedy_viewpoint,SEARCH,"(25, 19)","(26, 19)","(26, 19)","(24, 22)",staleness,"(24, 22)",1,0.0,0.0,anchor_viewpoint_ring,False,,0,4,adaptive_knownmap_greedy,2,6,6,6,0.6666666666666666,8,53.569909062499995,1.0,4.5351806698421075,1.0,0.8207476851851851,0.2526712168756027,6.0,0.64,0,0.791401518051438,0.4698074531198528,False,0.0,0.0,0.0,0.0,False,"(1, 0)",8.72268486750241,8.72268486750241,8.72268486750241,1,False,0,7,1.0629684808859288,1.5244231628637237,0.28547297297297297,0.13580246913580246,0.0,0,False,,0
61,known_map_greedy_viewpoint,SEARCH,"(25, 20)","(26, 25)","(26, 25)","(24, 22)",staleness,"(24, 22)",1,0.0,0.0,anchor_viewpoint_ring,True,commit_expired,4,4,adaptive_knownmap_greedy,7,7,7,7,0.8333333333333334,9,36.97330540624999,1.0,1.642633527235213,0.746033720524405,3.149564520399305,1.0,7.25,0.8620689655172413,1,0.601391131918441,0.43397411978651945,True,1.0,0.0,0.0,0.0,False,"(0, 1)",2.0825836141494634,11.358102686041647,11.358102686041647,1,False,0,8,1.0574933690904986,1.5319392952208262,0.28885135135135137,0.07407407407407407,0.0,0,False,,0
62,known_map_greedy_viewpoint,SEARCH,"(25, 21)","(26, 25)","(26, 25)","(24, 22)",staleness,"(24, 22)",1,0.0,0.0,anchor_viewpoint_ring,False,,3,4,adaptive_knownmap_greedy,6,7,7,7,0.14285714285714285,9,36.97330540624999,1.0,1.642633527235213,0.746033720524405,3.149564520399305,1.0,7.25,0.8620689655172413,1,0.601391131918441,0.43397411978651945,True,1.0,0.0,0.0,0.0,False,"(0, 1)",2.0825836141494634,11.358102686041647,11.358102686041647,1,False,0,9,1.0525838606309057,1.5387149858595823,0.2922297297297297,0.1111111111111111,0.037037037037037035,0,False,,0
63,known_map_greedy_viewpoint,SEARCH,"(25, 22)","(26, 25)","(26, 25)","(24, 22)",staleness,"(24, 22)",1,0.0,0.0,anchor_viewpoint_ring,False,,2,4,adaptive_knownmap_greedy,5,7,7,7,0.2857142857142857,9,36.97330540624999,1.0,1.642633527235213,0.746033720524405,3.149564520399305,1.0,7.25,0.8620689655172413,1,0.601391131918441,0.43397411978651945,True,1.0,0.0,0.0,0.0,False,"(0, 1)",2.0825836141494634,11.358102686041647,11.358102686041647,1,False,0,10,1.0476877501913031,1.5455427214960398,0.2956081081081081,0.12345679012345678,0.04938271604938271,0,False,,0
64,known_map_greedy_viewpoint,SEARCH,"(25, 23)","(26, 25)","(26, 25)","(24, 22)",staleness,"(24, 22)",1,0.0,0.0,anchor_viewpoint_ring,False,,1,4,adaptive_knownmap_greedy,4,7,7,7,0.42857142857142855,9,36.97330540624999,1.0,1.642633527235213,0.746033720524405,3.149564520399305,1.0,7.25,0.8620689655172413,1,0.601391131918441,0.43397411978651945,True,1.0,0.0,0.0,0.0,False,"(0, 1)",2.0825836141494634,11.358102686041647,11.358102686041647,1,False,0,11,1.0426647558212687,1.5526315310211523,0.2989864864864865,0.12345679012345678,0.04938271604938271,0,False,,0
65,known_map_greedy_viewpoint,SEARCH,"(25, 24)","(26, 25)","(26, 25)","(24, 22)",staleness,"(24, 22)",1,0.0,0.0,anchor_viewpoint_ring,False,,0,4,adaptive_knownmap_greedy,3,7,7,7,0.5714285714285714,9,36.97330540624999,1.0,1.642633527235213,0.746033720524405,3.149564520399305,1.0,7.25,0.8620689655172413,1,0.601391131918441,0.43397411978651945,True,1.0,0.0,0.0,0.0,False,"(0, 1)",2.0825836141494634,11.358102686041647,11.358102686041647,1,False,0,12,1.037467330620135,1.5600590084074568,0.30236486486486486,0.13580246913580246,0.06172839506172839,0,False,,0
66,known_map_greedy_viewpoint,SEARCH,"(24, 24)","(21, 28)","(21, 28)","(19, 25)",staleness,"(19, 25)",1595,1.0,0.9994252873563217,anchor_viewpoint_ring,True,commit_expired,4,4,adaptive_knownmap_greedy,8,8,8,8,0.7142857142857143,10,6.037313903124998,0.43053964983974347,1.5673751751771803,1.0,5.150409275102588,1.0,8.25,1.0,1,0.3495408608862814,0.46325983407223376,False,1.0,0.0,0.0,0.0,False,"(-1, 0)",7.0,7.563777548878204,7.563777548878204,2,False,0,13,1.0351962407734463,1.5631375671180454,0.30292792792792794,0.07407407407407407,0.06172839506172839,0,False,,0
67,known_map_greedy_viewpoint,SEARCH,"(23, 24)","(21, 28)","(21, 28)","(19, 25)",staleness,"(19, 25)",1595,1.0,0.9994252873563217,anchor_viewpoint_ring,False,,3,4,adaptive_knownmap_greedy,7,8,8,8,0.125,10,6.037313903124998,0.43053964983974347,1.5673751751771803,1.0,5.150409275102588,1.0,8.25,1.0,1,0.3495408608862814,0.46325983407223376,False,1.0,0.0,0.0,0.0,False,"(-1, 0)",7.0,7.563777548878204,7.563777548878204,2,False,0,14,1.0339852243554704,1.564631189593692,0.30292792792792794,0.1111111111111111,0.1111111111111111,0,False,,0
68,known_map_greedy_viewpoint,SEARCH,"(22, 24)","(21, 28)","(21, 28)","(19, 25)",staleness,"(19, 25)",1595,1.0,0.9994252873563217,anchor_viewpoint_ring,False,,2,4,adaptive_knownmap_greedy,6,8,8,8,0.25,10,6.037313903124998,0.43053964983974347,1.5673751751771803,1.0,5.150409275102588,1.0,8.25,1.0,1,0.3495408608862814,0.46325983407223376,False,1.0,0.0,0.0,0.0,False,"(-1, 0)",7.0,7.563777548878204,7.563777548878204,2,False,0,15,1.0331953226354376,1.5654970088504978,0.30292792792792794,0.12345679012345678,0.12345679012345678,0,False,,0
69,known_map_greedy_viewpoint,SEARCH,"(21, 24)","(21, 28)","(21, 28)","(19, 25)",staleness,"(19, 25)",1595,1.0,0.9994252873563217,anchor_viewpoint_ring,False,,1,4,adaptive_knownmap_greedy,5,8,8,8,0.375,10,6.037313903124998,0.43053964983974347,1.5673751751771803,1.0,5.150409275102588,1.0,8.25,1.0,1,0.3495408608862814,0.46325983407223376,False,1.0,0.0,0.0,0.0,False,"(-1, 0)",7.0,7.563777548878204,7.563777548878204,2,False,0,16,1.032563810139292,1.5661306686806766,0.30292792792792794,0.12345679012345678,0.12345679012345678,0,False,,0
70,known_map_greedy_viewpoint,SEARCH,"(21, 25)","(21, 28)","(21, 28)","(19, 25)",staleness,"(19, 25)",1595,1.0,0.9994252873563217,anchor_viewpoint_ring,False,,0,4,adaptive_knownmap_greedy,4,8,8,8,0.5,10,6.037313903124998,0.43053964983974347,1.5673751751771803,1.0,5.150409275102588,1.0,8.25,1.0,1,0.3495408608862814,0.46325983407223376,False,1.0,0.0,0.0,0.0,False,"(-1, 0)",7.0,7.563777548878204,7.563777548878204,2,False,0,17,1.0313382476087969,1.5676741224690605,0.30292792792792794,0.07407407407407407,0.07407407407407407,0,False,,0
71,known_map_greedy_viewpoint,SEARCH,"(21, 26)","(21, 28)","(21, 28)","(19, 25)",staleness,"(19, 25)",1,0.0,0.0,current_viewpoint,True,commit_expired,4,4,adaptive_knownmap_greedy,3,3,3,3,0.625,10,6.51,1.0,0.9485741932033018,0.0,1.775132275132275,0.0,3.0,0.0,0,0.2096580393495731,0.29647411978651944,True,0.0,0.0,0.0,0.0,False,"(0, 1)",7.0,7.0,7.0,2,False,0,18,1.029255430199726,1.5705345907021855,0.30349099099099097,0.1111111111111111,0.09876543209876543,0,False,,0
72,known_map_greedy_viewpoint,SEARCH,"(21, 27)","(21, 28)","(21, 28)","(19, 25)",staleness,"(19, 25)",1,0.0,0.0,current_viewpoint,False,,3,4,adaptive_knownmap_greedy,2,3,3,3,0.3333333333333333,10,6.51,1.0,0.9485741932033018,0.0,1.775132275132275,0.0,3.0,0.0,0,0.2096580393495731,0.29647411978651944,True,0.0,0.0,0.0,0.0,False,"(0, 1)",7.0,7.0,7.0,2,False,0,19,1.0262416582772786,1.5748401380706611,0.30461711711711714,0.12345679012345678,0.09876543209876543,0,False,,0
73,known_map_greedy_viewpoint,SEARCH,"(21, 28)","(21, 28)","(21, 28)","(19, 25)",staleness,"(19, 25)",1,0.0,0.0,current_viewpoint,False,,2,4,adaptive_knownmap_greedy,1,3,3,3,0.6666666666666666,10,6.51,1.0,0.9485741932033018,0.0,1.775132275132275,0.0,3.0,0.0,0,0.2096580393495731,0.29647411978651944,True,0.0,0.0,0.0,0.0,False,"(0, 1)",7.0,7.0,7.0,2,False,0,20,1.022318733640391,1.5805813979295333,0.30686936936936937,0.12345679012345678,0.07407407407407407,0,False,,0
74,known_map_greedy_viewpoint,SEARCH,"(20, 28)","(13, 25)","(13, 28)","(16, 23)",staleness,"(19, 25)",1601,1.0,0.9994794919841765,anchor_viewpoint_ring,True,segment_empty,4,4,adaptive_knownmap_greedy,8,8,11,8,1.0,11,4.491686480468749,1.0,1.6191456261433934,0.776973589970261,5.525521298461174,1.0,8.0,0.9166666666666666,0,0.27677323449675134,0.6073074531198528,True,1.0,0.0,0.0,0.0,False,"(-1, 0)",0.0,11.364473589970261,11.364473589970261,2,False,0,21,1.01994940868262,1.5839563283388012,0.30743243243243246,0.07407407407407407,0.06172839506172839,0,False,,0
75,known_map_greedy_viewpoint,SEARCH,"(19, 28)","(13, 25)","(13, 28)","(16, 23)",staleness,"(19, 25)",1601,1.0,0.9994794919841765,anchor_viewpoint_ring,False,,3,4,adaptive_knownmap_greedy,7,8,11,8,0.125,11,4.491686480468749,1.0,1.6191456261433934,0.776973589970261,5.525521298461174,1.0,8.0,0.9166666666666666,0,0.27677323449675134,0.6073074531198528,True,1.0,0.0,0.0,0.0,False,"(-1, 0)",0.0,11.364473589970261,11.364473589970261,2,False,0,22,1.0180219238643167,1.5866636733865027,0.30743243243243246,0.1111111111111111,0.1111111111111111,0,False,,0
76,known_map_greedy_viewpoint,SEARCH,"(18, 28)","(13, 25)","(13, 28)","(16, 23)",staleness,"(19, 25)",1601,1.0,0.9994794919841765,anchor_viewpoint_ring,False,,2,4,adaptive_knownmap_greedy,6,8,11,8,0.25,11,4.491686480468749,1.0,1.6191456261433934,0.776973589970261,5.525521298461174,1.0,8.0,0.9166666666666666,0,0.27677323449675134,0.6073074531198528,True,1.0,0.0,0.0,0.0,False,"(-1, 0)",0.0,11.364473589970261,11.364473589970261,2,False,0,23,1.016141966796141,1.5893124179814055,0.30743243243243246,0.12345679012345678,0.12345679012345678,0,False,,0
77,known_map_greedy_viewpoint,SEARCH,"(17, 28)","(13, 25)","(13, 28)","(16, 23)",staleness,"(19, 25)",1601,1.0,0.9994794919841765,anchor_viewpoint_ring,False,,1,4,adaptive_knownmap_greedy,5,8,11,8,0.375,11,4.491686480468749,1.0,1.6191456261433934,0.776973589970261,5.525521298461174,1.0,8.0,0.9166666666666666,0,0.27677323449675134,0.6073074531198528,True,1.0,0.0,0.0,0.0,False,"(-1, 0)",0.0,11.364473589970261,11.364473589970261,2,False,0,24,1.0141549266294732,1.5921443833401179,0.30743243243243246,0.12345679012345678,0.12345679012345678,0,False,,0
78,known_map_greedy_viewpoint,SEARCH,"(16, 28)","(13, 25)","(13, 28)","(16, 23)",staleness,"(19, 25)",1601,1.0,0.9994794919841765,anchor_viewpoint_ring,False,,0,4,adaptive_knownmap_greedy,4,8,11,8,0.5,11,4.491686480468749,1.0,1.6191456261433934,0.776973589970261,5.525521298461174,1.0,8.0,0.9166666666666666,0,0.27677323449675134,0.6073074531198528,True,1.0,0.0,0.0,0.0,False,"(-1, 0)",0.0,11.364473589970261,11.364473589970261,2,False,0,25,1.0119925211957268,1.595269014304314,0.30743243243243246,0.13580246913580246,0.13580246913580246,0,False,,0
79,known_map_greedy_viewpoint,SEARCH,"(15, 28)","(13, 21)","(13, 23)","(16, 23)",staleness,"(16, 23)",1,0.0,0.0,anchor_viewpoint_ring,True,commit_expired,4,4,adaptive_knownmap_greedy,8,8,10,8,0.625,12,4.5125,1.0,1.721766497224374,1.0,5.5731742917852864,1.0,8.25,1.0,1,0.31932755954538605,0.49480745311985286,False,0.8,0.0,0.0,0.0,False,"(-1, 0)",10.139916106527258,11.55,11.55,3,False,0,26,1.009621751000993,1.5987419155465896,0.30743243243243246,0.13580246913580246,0.13580246913580246,0,False,,0
80,known_map_greedy_viewpoint,SEARCH,"(14, 28)","(13, 21)","(13, 23)","(16, 23)",staleness,"(16, 23)",1,0.0,0.0,anchor_viewpoint_ring,False,,3,4,adaptive_knownmap_greedy,7,8,10,8,0.125,12,4.5125,1.0,1.721766497224374,1.0,5.5731742917852864,1.0,8.25,1.0,1,0.31932755954538605,0.49480745311985286,False,0.8,0.0,0.0,0.0,False,"(-1, 0)",10.139916106527258,11.55,11.55,3,False,0,27,1.0070273920765747,1.6025917786683854,0.30743243243243246,0.13580246913580246,0.13580246913580246,0,False,,0
81,known_map_greedy_viewpoint,SEARCH,"(13, 28)","(13, 21)","(13, 23)","(16, 23)",staleness,"(16, 23)",1,0.0,0.0,anchor_viewpoint_ring,False,,2,4,adaptive_knownmap_greedy,6,8,10,8,0.25,12,4.5125,1.0,1.721766497224374,1.0,5.5731742917852864,1.0,8.25,1.0,1,0.31932755954538605,0.49480745311985286,False,0.8,0.0,0.0,0.0,False,"(-1, 0)",10.139916106527258,11.55,11.55,3,False,0,28,1.0042026619235522,1.6068348042567577,0.31024774774774777,0.13580246913580246,0.07407407407407407,0,False,,0
82,known_map_greedy_viewpoint,SEARCH,"(13, 27)","(13, 21)","(13, 23)","(16, 23)",staleness,"(16, 23)",1,0.0,0.0,anchor_viewpoint_ring,False,,1,4,adaptive_knownmap_greedy,5,8,10,8,0.375,12,4.5125,1.0,1.721766497224374,1.0,5.5731742917852864,1.0,8.25,1.0,1,0.31932755954538605,0.49480745311985286,False,0.8,0.0,0.0,0.0,False,"(-1, 0)",10.139916106527258,11.55,11.55,3,False,0,29,1.00272044972225,1.6089493157586714,0.31024774774774777,0.07407407407407407,0.07407407407407407,0,False,,0
83,known_map_greedy_viewpoint,SEARCH,"(13, 26)","(13, 21)","(13, 23)","(16, 23)",staleness,"(16, 23)",1,0.0,0.0,anchor_viewpoint_ring,False,,0,4,adaptive_knownmap_greedy,4,8,10,8,0.5,12,4.5125,1.0,1.721766497224374,1.0,5.5731742917852864,1.0,8.25,1.0,1,0.31932755954538605,0.49480745311985286,False,0.8,0.0,0.0,0.0,False,"(-1, 0)",10.139916106527258,11.55,11.55,3,False,0,30,1.0015550866457765,1.61056489545144,0.31024774774774777,0.1111111111111111,0.1111111111111111,0,False,,0
84,known_map_greedy_viewpoint,SEARCH,"(13, 25)","(18, 19)","(14, 19)","(20, 22)",staleness,"(20, 25)",1592,1.0,0.9996859296482412,anchor_viewpoint_ring,True,commit_expired,4,4,adaptive_knownmap_greedy,8,8,12,8,0.625,13,15.416572405468743,1.0,1.6546819469294987,0.8877876838530044,5.766373220458929,1.0,8.25,1.0,1,0.18891201172313968,0.35583333333333333,False,1.0,0.0,0.0,0.0,False,"(0, -1)",5.065571536948276,11.437787683853006,11.437787683853006,4,False,0,31,1.0003458088873494,1.6122593696778758,0.31024774774774777,0.12345679012345678,0.12345679012345678,0,False,,0
85,known_map_greedy_viewpoint,SEARCH,"(13, 24)","(18, 19)","(14, 19)","(20, 22)",staleness,"(20, 25)",1592,1.0,0.9996859296482412,anchor_viewpoint_ring,False,,3,4,adaptive_knownmap_greedy,7,8,12,8,0.125,13,15.416572405468743,1.0,1.6546819469294987,0.8877876838530044,5.766373220458929,1.0,8.25,1.0,1,0.18891201172313968,0.35583333333333333,False,1.0,0.0,0.0,0.0,False,"(0, -1)",5.065571536948276,11.437787683853006,11.437787683853006,4,False,0,32,0.9989264894080383,1.6143015462663592,0.31024774774774777,0.12345679012345678,0.12345679012345678,0,False,,0
86,known_map_greedy_viewpoint,SEARCH,"(13, 23)","(18, 19)","(14, 19)","(20, 22)",staleness,"(20, 25)",1592,1.0,0.9996859296482412,anchor_viewpoint_ring,False,,2,4,adaptive_knownmap_greedy,6,8,12,8,0.25,13,15.416572405468743,1.0,1.6546819469294987,0.8877876838530044,5.766373220458929,1.0,8.25,1.0,1,0.18891201172313968,0.35583333333333333,False,1.0,0.0,0.0,0.0,False,"(0, -1)",5.065571536948276,11.437787683853006,11.437787683853006,4,False,0,33,0.9971899031545632,1.6168679185686081,0.31024774774774777,0.13580246913580246,0.13580246913580246,0,False,,0
87,known_map_greedy_viewpoint,SEARCH,"(13, 22)","(18, 19)","(14, 19)","(20, 22)",staleness,"(20, 25)",1592,1.0,0.9996859296482412,anchor_viewpoint_ring,False,,1,4,adaptive_knownmap_greedy,5,8,12,8,0.375,13,15.416572405468743,1.0,1.6546819469294987,0.8877876838530044,5.766373220458929,1.0,8.25,1.0,1,0.18891201172313968,0.35583333333333333,False,1.0,0.0,0.0,0.0,False,"(0, -1)",5.065571536948276,11.437787683853006,11.437787683853006,4,False,0,34,0.9950511213840216,1.6201018354493097,0.3108108108108108,0.13580246913580246,0.12345679012345678,0,False,,0
88,known_map_greedy_viewpoint,SEARCH,"(13, 21)","(18, 19)","(14, 19)","(20, 22)",staleness,"(20, 25)",1592,1.0,0.9996859296482412,anchor_viewpoint_ring,False,,0,4,adaptive_knownmap_greedy,4,8,12,8,0.5,13,15.416572405468743,1.0,1.6546819469294987,0.8877876838530044,5.766373220458929,1.0,8.25,1.0,1,0.18891201172313968,0.35583333333333333,False,1.0,0.0,0.0,0.0,False,"(0, -1)",5.065571536948276,11.437787683853006,11.437787683853006,4,False,0,35,0.9924420752285822,1.6241228186433392,0.3136261261261261,0.13580246913580246,0.07407407407407407,0,False,,0
89,known_map_greedy_viewpoint,SEARCH,"(13, 20)","(22, 19)","(19, 19)","(20, 22)",staleness,"(20, 22)",1,0.0,0.0,anchor_viewpoint_ring,True,commit_expired,4,4,adaptive_knownmap_greedy,8,8,11,8,0.625,14,16.733254078124997,1.0,1.4115280056439177,1.0,5.32866751790374,1.0,8.25,1.0,1,0.1716149187267618,0.2808333333333333,False,0.8,0.0,0.0,0.0,False,"(0, -1)",10.741553497927661,11.55,11.55,5,False,0,36,0.9893143740355768,1.6290223977506106,0.3170045045045045,0.13580246913580246,0.06172839506172839,0,False,,0
90,known_map_greedy_viewpoint,SEARCH,"(13, 19)","(22, 19)","(19, 19)","(20, 22)",staleness,"(20, 22)",1,0.0,0.0,anchor_viewpoint_ring,False,,3,4,adaptive_knownmap_greedy,7,8,11,8,0.125,14,16.733254078124997,1.0,1.4115280056439177,1.0,5.32866751790374,1.0,8.25,1.0,1,0.1716149187267618,0.2808333333333333,False,0.8,0.0,0.0,0.0,False,"(0, -1)",10.741553497927661,11.55,11.55,5,False,0,37,0.9856427034219337,1.6348585539388114,0.32094594594594594,0.13580246913580246,0.04938271604938271,0,False,,0
91,known_map_greedy_viewpoint,SEARCH,"(14, 19)","(22, 19)","(19, 19)","(20, 22)",staleness,"(20, 22)",1,0.0,0.0,anchor_viewpoint_ring,False,,2,4,adaptive_knownmap_greedy,6,8,11,8,0.25,14,16.733254078124997,1.0,1.4115280056439177,1.0,5.32866751790374,1.0,8.25,1.0,1,0.1716149187267618,0.2808333333333333,False,0.8,0.0,0.0,0.0,False,"(0, -1)",10.741553497927661,11.55,11.55,5,False,0,38,0.9832174226889216,1.6386620934158938,0.32150900900900903,0.07407407407407407,0.06172839506172839,0,False,,0
92,known_map_greedy_viewpoint,SEARCH,"(15, 19)","(22, 19)","(19, 19)","(20, 22)",staleness,"(20, 22)",1,0.0,0.0,anchor_viewpoint_ring,False,,1,4,adaptive_knownmap_greedy,5,8,11,8,0.375,14,16.733254078124997,1.0,1.4115280056439177,1.0,5.32866751790374,1.0,8.25,1.0,1,0.1716149187267618,0.2808333333333333,False,0.8,0.0,0.0,0.0,False,"(0, -1)",10.741553497927661,11.55,11.55,5,False,0,39,0.9812309443597863,1.6417534844172719,0.32207207207207206,0.1111111111111111,0.09876543209876543,0,False,,0
93,known_map_greedy_viewpoint,SEARCH,"(16, 19)","(22, 19)","(19, 19)","(20, 22)",staleness,"(20, 22)",1,0.0,0.0,anchor_viewpoint_ring,False,,0,4,adaptive_knownmap_greedy,4,8,11,8,0.5,14,16.733254078124997,1.0,1.4115280056439177,1.0,5.32866751790374,1.0,8.25,1.0,1,0.1716149187267618,0.2808333333333333,False,0.8,0.0,0.0,0.0,False,"(0, -1)",10.741553497927661,11.55,11.55,5,False,0,40,0.9794175117499075,1.644570265453006,0.32263513513513514,0.12345679012345678,0.1111111111111111,0,False,,0
