episode_seed,map_kind,system_name,target_motion_mode,clue_acquisition_mode,planner_adaptation_mode,policy_name,viewpoint_generation_mode,path_safety_mode,anomaly_tail_quantile,anomaly_weight_lambda,safe_nav_lambda_clearance,time_to_first_detection,time_to_all_found,detection_rate,found_count,known_free_observation_ratio_final,planning_time_ms_mean,path_length,clearance_penalty_raw_mean,near_obstacle_step_ratio,min_clearance_cells_mean,path_invalidations_per_episode,anomaly_top_band_selection_ratio_pre_first_detection,unfound_target_neighborhood_anomaly_mass_ratio_pre_first_detection
0,open_water,single_usv_infosampled,random_walk,ucb,adaptive,marine_knownmap_path_v2_infosampled,simple_ring_v1,soft_clearance_astar_v1,0.9,1.25,1.0,101,,0.6666666666666666,2,0.8207803992740472,16.075975510203737,240,0.0026041666666666665,0.0026041666666666665,8.770833333333334,0,0.09900990099009901,0.05121678326459852
1,open_water,single_usv_infosampled,random_walk,ucb,adaptive,marine_knownmap_path_v2_infosampled,simple_ring_v1,soft_clearance_astar_v1,0.9,1.25,1.0,66,232,1.0,3,0.6247731397459165,14.438443750001065,232,0.0026939655172413795,0.0026939655172413795,7.327586206896552,0,0.3939393939393939,0.0560046334497969
2,open_water,single_usv_infosampled,random_walk,ucb,adaptive,marine_knownmap_path_v2_infosampled,simple_ring_v1,soft_clearance_astar_v1,0.9,1.25,1.0,53,139,1.0,3,0.5453720508166969,16.700928571426385,139,0.0044964028776978415,0.0044964028776978415,8.690647482014388,0,0.1509433962264151,0.04615175609634131
3,open_water,single_usv_infosampled,random_walk,ucb,adaptive,marine_knownmap_path_v2_infosampled,simple_ring_v1,soft_clearance_astar_v1,0.9,1.25,1.0,152,,0.6666666666666666,2,0.677858439201452,14.008900000002313,240,0.006076388888888889,0.006076388888888889,8.4625,0,0.375,0.048067094353428284
4,open_water,single_usv_infosampled,random_walk,ucb,adaptive,marine_knownmap_path_v2_infosampled,simple_ring_v1,soft_clearance_astar_v1,0.9,1.25,1.0,38,161,1.0,3,0.559437386569873,14.173018181815788,161,0.0038819875776397515,0.0038819875776397515,6.484472049689441,0,0.13157894736842105,0.051806082203403
5,open_water,single_usv_infosampled,random_walk,ucb,adaptive,marine_knownmap_path_v2_infosampled,simple_ring_v1,soft_clearance_astar_v1,0.9,1.25,1.0,11,54,1.0,3,0.23139745916515425,14.423718181810521,54,0.011574074074074073,0.011574074074074073,6.537037037037037,0,0.09090909090909091,0.05003406762774005
6,open_water,single_usv_infosampled,random_walk,ucb,adaptive,marine_knownmap_path_v2_infosampled,simple_ring_v1,soft_clearance_astar_v1,0.9,1.25,1.0,28,95,1.0,3,0.35390199637023595,16.36495499999171,95,0.006578947368421052,0.006578947368421052,9.589473684210526,0,0.6428571428571429,0.05371746153250975
7,open_water,single_usv_infosampled,random_walk,ucb,adaptive,marine_knownmap_path_v2_infosampled,simple_ring_v1,soft_clearance_astar_v1,0.9,1.25,1.0,40,109,1.0,3,0.4101633393829401,15.089031818180585,109,0.005733944954128441,0.005733944954128441,9.495412844036696,0,0.125,0.04691453394371604
8,open_water,single_usv_infosampled,random_walk,ucb,adaptive,marine_knownmap_path_v2_infosampled,simple_ring_v1,soft_clearance_astar_v1,0.9,1.25,1.0,156,,0.6666666666666666,2,0.7726860254083484,22.010489795925004,240,0.0026041666666666665,0.0026041666666666665,8.041666666666666,0,0.1987179487179487,0.049010269995917004
9,open_water,single_usv_infosampled,random_walk,ucb,adaptive,marine_knownmap_path_v2_infosampled,simple_ring_v1,soft_clearance_astar_v1,0.9,1.25,1.0,66,88,1.0,3,0.3588929219600726,22.221272222222094,88,0.007102272727272727,0.007102272727272727,7.9772727272727275,0,0.4696969696969697,0.05299773574992678
0,harbor_cove,single_usv_infosampled,random_walk,ucb,adaptive,marine_knownmap_path_v2_infosampled,simple_ring_v1,soft_clearance_astar_v1,0.9,1.25,1.0,20,88,1.0,3,0.3755630630630631,23.094216666669986,88,0.007102272727272727,0.007102272727272727,8.522727272727273,0,0.5,0.07217091940674719
1,harbor_cove,single_usv_infosampled,random_walk,ucb,adaptive,marine_knownmap_path_v2_infosampled,simple_ring_v1,soft_clearance_astar_v1,0.9,1.25,1.0,38,,0.6666666666666666,2,0.8592342342342343,21.675893999997697,240,0.0026041666666666665,0.0026041666666666665,4.841666666666667,0,0.39473684210526316,0.05948317690317186
2,harbor_cove,single_usv_infosampled,random_walk,ucb,adaptive,marine_knownmap_path_v2_infosampled,simple_ring_v1,soft_clearance_astar_v1,0.9,1.25,1.0,36,145,1.0,3,0.6807432432432432,18.51802666666534,145,0.004310344827586207,0.004310344827586207,6.255172413793104,0,0.027777777777777776,0.06041609392483639
3,harbor_cove,single_usv_infosampled,random_walk,ucb,adaptive,marine_knownmap_path_v2_infosampled,simple_ring_v1,soft_clearance_astar_v1,0.9,1.25,1.0,36,,0.6666666666666666,2,0.8181306306306306,26.58819215685851,240,0.0026041666666666665,0.0026041666666666665,4.041666666666667,0,0.16666666666666666,0.055064035671878564
4,harbor_cove,single_usv_infosampled,random_walk,ucb,adaptive,marine_knownmap_path_v2_infosampled,simple_ring_v1,soft_clearance_astar_v1,0.9,1.25,1.0,62,214,1.0,3,0.6762387387387387,18.487584782606163,214,0.0029205607476635513,0.0029205607476635513,4.91588785046729,0,0.12903225806451613,0.07388422280302669
5,harbor_cove,single_usv_infosampled,random_walk,ucb,adaptive,marine_knownmap_path_v2_infosampled,simple_ring_v1,soft_clearance_astar_v1,0.9,1.25,1.0,18,,0.6666666666666666,2,0.7297297297297297,18.388052000003654,240,0.0026041666666666665,0.0026041666666666665,5.208333333333333,0,0.16666666666666666,0.05691801276328486
6,harbor_cove,single_usv_infosampled,random_walk,ucb,adaptive,marine_knownmap_path_v2_infosampled,simple_ring_v1,soft_clearance_astar_v1,0.9,1.25,1.0,46,,0.6666666666666666,2,0.8496621621621622,16.308196000002226,240,0.0067708333333333336,0.0067708333333333336,4.929166666666666,0,0.13043478260869565,0.05595894087347009
7,harbor_cove,single_usv_infosampled,random_walk,ucb,adaptive,marine_knownmap_path_v2_infosampled,simple_ring_v1,soft_clearance_astar_v1,0.9,1.25,1.0,35,217,1.0,3,0.6936936936936937,16.64312826086762,217,0.002880184331797235,0.002880184331797235,4.529953917050691,0,0.0,0.050010461307298665
8,harbor_cove,single_usv_infosampled,random_walk,ucb,adaptive,marine_knownmap_path_v2_infosampled,simple_ring_v1,soft_clearance_astar_v1,0.9,1.25,1.0,18,,0.6666666666666666,2,0.8063063063063063,21.618331999993643,240,0.0026041666666666665,0.0026041666666666665,5.020833333333333,0,1.0,0.08458487499246074
9,harbor_cove,single_usv_infosampled,random_walk,ucb,adaptive,marine_knownmap_path_v2_infosampled,simple_ring_v1,soft_clearance_astar_v1,0.9,1.25,1.0,17,,0.6666666666666666,2,0.7623873873873874,15.444008163274015,240,0.0026041666666666665,0.0026041666666666665,5.375,0,0.11764705882352941,0.05103616375779609
0,peninsula_passage,single_usv_infosampled,random_walk,ucb,adaptive,marine_knownmap_path_v2_infosampled,simple_ring_v1,soft_clearance_astar_v1,0.9,1.25,1.0,64,,0.6666666666666666,2,0.7338501291989664,22.009922916673474,240,0.0026041666666666665,0.0026041666666666665,3.3958333333333335,0,0.296875,0.055960709997663664
1,peninsula_passage,single_usv_infosampled,random_walk,ucb,adaptive,marine_knownmap_path_v2_infosampled,simple_ring_v1,soft_clearance_astar_v1,0.9,1.25,1.0,30,154,1.0,3,0.5963824289405685,20.97925483871765,154,0.004058441558441558,0.004058441558441558,3.9220779220779223,0,0.5,0.05498230074644568
2,peninsula_passage,single_usv_infosampled,random_walk,ucb,adaptive,marine_knownmap_path_v2_infosampled,simple_ring_v1,soft_clearance_astar_v1,0.9,1.25,1.0,88,,0.6666666666666666,2,0.7338501291989664,19.50764901962385,240,0.0026041666666666665,0.0026041666666666665,3.691666666666667,0,0.375,0.0693033924716742
3,peninsula_passage,single_usv_infosampled,random_walk,ucb,adaptive,marine_knownmap_path_v2_infosampled,simple_ring_v1,soft_clearance_astar_v1,0.9,1.25,1.0,53,,0.6666666666666666,2,0.7395348837209302,18.786897916662326,240,0.0026041666666666665,0.0026041666666666665,3.7083333333333335,0,0.05660377358490566,0.05559230047242251
4,peninsula_passage,single_usv_infosampled,random_walk,ucb,adaptive,marine_knownmap_path_v2_infosampled,simple_ring_v1,soft_clearance_astar_v1,0.9,1.25,1.0,63,124,1.0,3,0.45219638242894056,19.983396000006906,124,0.005040322580645161,0.005040322580645161,3.5080645161290325,0,0.4444444444444444,0.06562509825255033
5,peninsula_passage,single_usv_infosampled,random_walk,ucb,adaptive,marine_knownmap_path_v2_infosampled,simple_ring_v1,soft_clearance_astar_v1,0.9,1.25,1.0,43,240,1.0,3,0.751937984496124,19.36360833332647,240,0.0026041666666666665,0.0026041666666666665,2.9375,0,0.18604651162790697,0.05985527288929551
6,peninsula_passage,single_usv_infosampled,random_walk,ucb,adaptive,marine_knownmap_path_v2_infosampled,simple_ring_v1,soft_clearance_astar_v1,0.9,1.25,1.0,83,189,1.0,3,0.6315245478036176,18.52539736841819,189,0.0033068783068783067,0.0033068783068783067,3.5291005291005293,0,0.3373493975903614,0.05555075680375959
7,peninsula_passage,single_usv_infosampled,random_walk,ucb,adaptive,marine_knownmap_path_v2_infosampled,simple_ring_v1,soft_clearance_astar_v1,0.9,1.25,1.0,19,191,1.0,3,0.7710594315245478,22.674228205127854,191,0.0032722513089005235,0.0032722513089005235,3.9162303664921465,0,0.21052631578947367,0.04797599642535556
8,peninsula_passage,single_usv_infosampled,random_walk,ucb,adaptive,marine_knownmap_path_v2_infosampled,simple_ring_v1,soft_clearance_astar_v1,0.9,1.25,1.0,81,,0.6666666666666666,2,0.8217054263565892,22.50324897957686,240,0.003298611111111111,0.003298611111111111,3.5541666666666667,0,0.19753086419753085,0.04257721034801967
9,peninsula_passage,single_usv_infosampled,random_walk,ucb,adaptive,marine_knownmap_path_v2_infosampled,simple_ring_v1,soft_clearance_astar_v1,0.9,1.25,1.0,34,162,1.0,3,0.6041343669250646,24.998533333325323,162,0.0038580246913580245,0.0038580246913580245,3.2839506172839505,0,0.2647058823529412,0.05127599968356923
0,open_water,single_usv_infosampled,random_walk,anomaly_upper_tail,adaptive,marine_knownmap_path_v2_infosampled,simple_ring_v1,soft_clearance_astar_v1,0.9,1.25,1.0,53,,0.3333333333333333,1,0.8729582577132486,20.725658333330916,240,0.0026041666666666665,0.0026041666666666665,7.4375,0,0.18867924528301888,0.04831928579838037
1,open_water,single_usv_infosampled,random_walk,anomaly_upper_tail,adaptive,marine_knownmap_path_v2_infosampled,simple_ring_v1,soft_clearance_astar_v1,0.9,1.25,1.0,64,227,1.0,3,0.8307622504537205,18.68048478260799,227,0.0027533039647577094,0.0027533039647577094,6.872246696035242,0,0.375,0.05100197700617866
2,open_water,single_usv_infosampled,random_walk,anomaly_upper_tail,adaptive,marine_knownmap_path_v2_infosampled,simple_ring_v1,soft_clearance_astar_v1,0.9,1.25,1.0,64,163,1.0,3,0.6220508166969148,18.412663636357856,163,0.003834355828220859,0.003834355828220859,9.533742331288343,0,0.296875,0.044013548843222366
3,open_water,single_usv_infosampled,random_walk,anomaly_upper_tail,adaptive,marine_knownmap_path_v2_infosampled,simple_ring_v1,soft_clearance_astar_v1,0.9,1.25,1.0,123,196,1.0,3,0.6637931034482759,16.19611000000134,196,0.0031887755102040817,0.0031887755102040817,8.479591836734693,0,0.18699186991869918,0.048150002082862416
4,open_water,single_usv_infosampled,random_walk,anomaly_upper_tail,adaptive,marine_knownmap_path_v2_infosampled,simple_ring_v1,soft_clearance_astar_v1,0.9,1.25,1.0,38,127,1.0,3,0.48366606170598914,17.149992307688187,127,0.004921259842519685,0.004921259842519685,6.377952755905512,0,0.47368421052631576,0.05259027826371055
5,open_water,single_usv_infosampled,random_walk,anomaly_upper_tail,adaptive,marine_knownmap_path_v2_infosampled,simple_ring_v1,soft_clearance_astar_v1,0.9,1.25,1.0,11,179,1.0,3,0.6297640653357531,16.252725000002656,179,0.0034916201117318434,0.0034916201117318434,7.921787709497207,0,0.09090909090909091,0.05003406762774005
6,open_water,single_usv_infosampled,random_walk,anomaly_upper_tail,adaptive,marine_knownmap_path_v2_infosampled,simple_ring_v1,soft_clearance_astar_v1,0.9,1.25,1.0,22,190,1.0,3,0.5562613430127041,16.196148780489615,190,0.003289473684210526,0.003289473684210526,8.0,0,0.5454545454545454,0.052801036942351526
7,open_water,single_usv_infosampled,random_walk,anomaly_upper_tail,adaptive,marine_knownmap_path_v2_infosampled,simple_ring_v1,soft_clearance_astar_v1,0.9,1.25,1.0,40,225,1.0,3,0.7903811252268602,21.71981555555299,225,0.002777777777777778,0.002777777777777778,8.088888888888889,0,0.125,0.04691453394371604
8,open_water,single_usv_infosampled,random_walk,anomaly_upper_tail,adaptive,marine_knownmap_path_v2_infosampled,simple_ring_v1,soft_clearance_astar_v1,0.9,1.25,1.0,82,,0.3333333333333333,1,0.882486388384755,15.33377500000436,240,0.0026041666666666665,0.0026041666666666665,7.479166666666667,0,0.2682926829268293,0.05115726786365791
9,open_water,single_usv_infosampled,random_walk,anomaly_upper_tail,adaptive,marine_knownmap_path_v2_infosampled,simple_ring_v1,soft_clearance_astar_v1,0.9,1.25,1.0,65,79,1.0,3,0.31851179673321234,17.02666874999892,79,0.007911392405063292,0.007911392405063292,8.10126582278481,0,0.38461538461538464,0.05234359512687178
0,harbor_cove,single_usv_infosampled,random_walk,anomaly_upper_tail,adaptive,marine_knownmap_path_v2_infosampled,simple_ring_v1,soft_clearance_astar_v1,0.9,1.25,1.0,20,56,1.0,3,0.30855855855855857,14.82459166666672,56,0.011160714285714286,0.011160714285714286,8.625,0,0.5,0.07217091940674719
1,harbor_cove,single_usv_infosampled,random_walk,anomaly_upper_tail,adaptive,marine_knownmap_path_v2_infosampled,simple_ring_v1,soft_clearance_astar_v1,0.9,1.25,1.0,38,,0.6666666666666666,2,0.7877252252252253,24.641481999997268,240,0.0026041666666666665,0.0026041666666666665,5.166666666666667,0,0.39473684210526316,0.05948317690317186
2,harbor_cove,single_usv_infosampled,random_walk,anomaly_upper_tail,adaptive,marine_knownmap_path_v2_infosampled,simple_ring_v1,soft_clearance_astar_v1,0.9,1.25,1.0,36,147,1.0,3,0.7066441441441441,18.7702399999921,147,0.004251700680272109,0.004251700680272109,5.619047619047619,0,0.027777777777777776,0.06041609392483639
3,harbor_cove,single_usv_infosampled,random_walk,anomaly_upper_tail,adaptive,marine_knownmap_path_v2_infosampled,simple_ring_v1,soft_clearance_astar_v1,0.9,1.25,1.0,36,,0.6666666666666666,2,0.7905405405405406,29.448646000007557,240,0.0026041666666666665,0.0026041666666666665,4.395833333333333,0,0.16666666666666666,0.055064035671878564
4,harbor_cove,single_usv_infosampled,random_walk,anomaly_upper_tail,adaptive,marine_knownmap_path_v2_infosampled,simple_ring_v1,soft_clearance_astar_v1,0.9,1.25,1.0,55,112,1.0,3,0.5168918918918919,22.573978260850154,112,0.005580357142857143,0.005580357142857143,7.357142857142857,0,0.09090909090909091,0.07302596120271113
5,harbor_cove,single_usv_infosampled,random_walk,anomaly_upper_tail,adaptive,marine_knownmap_path_v2_infosampled,simple_ring_v1,soft_clearance_astar_v1,0.9,1.25,1.0,18,224,1.0,3,0.777027027027027,24.950576086960947,224,0.0027901785714285715,0.0027901785714285715,5.544642857142857,0,0.16666666666666666,0.05691801276328486
6,harbor_cove,single_usv_infosampled,random_walk,anomaly_upper_tail,adaptive,marine_knownmap_path_v2_infosampled,simple_ring_v1,soft_clearance_astar_v1,0.9,1.25,1.0,46,185,1.0,3,0.6052927927927928,18.114084615397076,185,0.0033783783783783786,0.0033783783783783786,4.621621621621622,0,0.34782608695652173,0.05595894087347009
7,harbor_cove,single_usv_infosampled,random_walk,anomaly_upper_tail,adaptive,marine_knownmap_path_v2_infosampled,simple_ring_v1,soft_clearance_astar_v1,0.9,1.25,1.0,35,192,1.0,3,0.6126126126126126,25.18539500000543,192,0.0032552083333333335,0.0032552083333333335,4.604166666666667,0,0.0,0.050010461307298665
8,harbor_cove,single_usv_infosampled,random_walk,anomaly_upper_tail,adaptive,marine_knownmap_path_v2_infosampled,simple_ring_v1,soft_clearance_astar_v1,0.9,1.25,1.0,23,107,1.0,3,0.5816441441441441,20.77625000001924,107,0.005841121495327103,0.005841121495327103,6.682242990654205,0,1.0,0.0874763679662296
9,harbor_cove,single_usv_infosampled,random_walk,anomaly_upper_tail,adaptive,marine_knownmap_path_v2_infosampled,simple_ring_v1,soft_clearance_astar_v1,0.9,1.25,1.0,17,,0.6666666666666666,2,0.7528153153153153,26.833440384618914,240,0.0026041666666666665,0.0026041666666666665,4.325,0,0.11764705882352941,0.05103616375779609
0,peninsula_passage,single_usv_infosampled,random_walk,anomaly_upper_tail,adaptive,marine_knownmap_path_v2_infosampled,simple_ring_v1,soft_clearance_astar_v1,0.9,1.25,1.0,64,,0.6666666666666666,2,0.8713178294573644,25.177226530612344,240,0.0026041666666666665,0.0026041666666666665,3.9,0,0.296875,0.055960709997663664
1,peninsula_passage,single_usv_infosampled,random_walk,anomaly_upper_tail,adaptive,marine_knownmap_path_v2_infosampled,simple_ring_v1,soft_clearance_astar_v1,0.9,1.25,1.0,30,151,1.0,3,0.5850129198966408,30.321816129047317,151,0.0041390728476821195,0.0041390728476821195,3.7682119205298013,0,0.5,0.05498230074644568
2,peninsula_passage,single_usv_infosampled,random_walk,anomaly_upper_tail,adaptive,marine_knownmap_path_v2_infosampled,simple_ring_v1,soft_clearance_astar_v1,0.9,1.25,1.0,64,210,1.0,3,0.7684754521963825,29.54708333334652,210,0.002976190476190476,0.002976190476190476,3.5714285714285716,0,0.21875,0.048586539387675626
3,peninsula_passage,single_usv_infosampled,random_walk,anomaly_upper_tail,adaptive,marine_knownmap_path_v2_infosampled,simple_ring_v1,soft_clearance_astar_v1,0.9,1.25,1.0,53,,0.6666666666666666,2,0.7891472868217054,23.838966666666295,240,0.0026041666666666665,0.0026041666666666665,3.625,0,0.05660377358490566,0.05559230047242251
4,peninsula_passage,single_usv_infosampled,random_walk,anomaly_upper_tail,adaptive,marine_knownmap_path_v2_infosampled,simple_ring_v1,soft_clearance_astar_v1,0.9,1.25,1.0,25,111,1.0,3,0.4382428940568475,20.217756521738604,111,0.00563063063063063,0.00563063063063063,4.297297297297297,0,0.4,0.06540308379532608
5,peninsula_passage,single_usv_infosampled,random_walk,anomaly_upper_tail,adaptive,marine_knownmap_path_v2_infosampled,simple_ring_v1,soft_clearance_astar_v1,0.9,1.25,1.0,43,,0.6666666666666666,2,0.7080103359173127,19.77611041666923,240,0.0026041666666666665,0.0026041666666666665,2.8333333333333335,0,0.3023255813953488,0.05985527288929551
6,peninsula_passage,single_usv_infosampled,random_walk,anomaly_upper_tail,adaptive,marine_knownmap_path_v2_infosampled,simple_ring_v1,soft_clearance_astar_v1,0.9,1.25,1.0,34,,0.6666666666666666,2,0.8573643410852713,19.293417999999747,240,0.0026041666666666665,0.0026041666666666665,3.6125,0,0.11764705882352941,0.04763112907267597
7,peninsula_passage,single_usv_infosampled,random_walk,anomaly_upper_tail,adaptive,marine_knownmap_path_v2_infosampled,simple_ring_v1,soft_clearance_astar_v1,0.9,1.25,1.0,19,,0.6666666666666666,2,0.6790697674418604,24.320585416665114,240,0.0026041666666666665,0.0026041666666666665,3.2708333333333335,0,0.21052631578947367,0.04797599642535556
8,peninsula_passage,single_usv_infosampled,random_walk,anomaly_upper_tail,adaptive,marine_knownmap_path_v2_infosampled,simple_ring_v1,soft_clearance_astar_v1,0.9,1.25,1.0,128,225,1.0,3,0.7705426356589147,19.73601521740173,225,0.002777777777777778,0.002777777777777778,3.4,0,0.234375,0.04543978268849168
9,peninsula_passage,single_usv_infosampled,random_walk,anomaly_upper_tail,adaptive,marine_knownmap_path_v2_infosampled,simple_ring_v1,soft_clearance_astar_v1,0.9,1.25,1.0,34,222,1.0,3,0.7560723514211887,19.453573333332013,222,0.002815315315315315,0.002815315315315315,3.391891891891892,0,0.2647058823529412,0.05127599968356923
