planner_adaptation_mode,target_motion_mode,map_kind,episode_seed,policy_name,assignment_mode,clue_acquisition_mode,path_safety_mode,team_path_avoidance_mode,success_all_found,time_to_first_detection,time_to_first_detection_censored,time_to_all_found,time_to_all_found_censored,detection_rate,found_count,known_free_observation_ratio_final,planning_time_ms_mean,path_length_total,path_length_u0,path_length_u1,duplicate_viewpoint_ratio,cross_region_assignment_ratio,conflict_intervention_count,wait_count_total,wait_count_u0,wait_count_u1,reservation_wait_fallback_count,reservation_near_neighbor_step_ratio_mean,reservation_same_cell_violation_count,reservation_swap_violation_count,anomaly_top_band_selection_ratio_pre_first_detection,unfound_target_neighborhood_anomaly_mass_ratio_pre_first_detection
adaptive,static,open_water,0,marine_knownmap_path_v2_infosampled_2usv,coordinated,anomaly_upper_tail,soft_clearance_astar_v1,reservation_v1,False,7,7,,241,0.6666666666666666,2,0.737842617152962,147.72019208348866,480,240,240,0.0,0.0,0,0,0,0,0,0.0,0,0,0.5,0.03654245757493382
adaptive,static,open_water,1,marine_knownmap_path_v2_infosampled_2usv,coordinated,anomaly_upper_tail,soft_clearance_astar_v1,reservation_v1,True,37,37,177,177,1.0,3,0.6812555260831122,119.27819265530177,354,177,177,0.0,0.0,0,0,0,0,0,0.0,0,0,0.14864864864864866,0.037746655290752405
adaptive,static,open_water,2,marine_knownmap_path_v2_infosampled_2usv,coordinated,anomaly_upper_tail,soft_clearance_astar_v1,reservation_v1,False,96,96,,241,0.6666666666666666,2,0.8107869142351901,143.1212187498204,480,240,240,0.0,0.0,0,0,0,0,0,0.0,0,0,0.28125,0.0294076615656462
adaptive,static,open_water,3,marine_knownmap_path_v2_infosampled_2usv,coordinated,anomaly_upper_tail,soft_clearance_astar_v1,reservation_v1,False,80,80,,241,0.3333333333333333,1,0.8638373121131742,137.341377916376,480,240,240,0.0,0.0,0,0,0,0,0,0.0,0,0,0.225,0.01943034748812145
adaptive,static,open_water,4,marine_knownmap_path_v2_infosampled_2usv,coordinated,anomaly_upper_tail,soft_clearance_astar_v1,reservation_v1,True,132,132,201,201,1.0,3,0.768788682581786,120.8233517411904,402,201,201,0.0,0.0,0,0,0,0,0,0.0,0,0,0.24242424242424243,0.02974198698827819
adaptive,static,open_water,5,marine_knownmap_path_v2_infosampled_2usv,coordinated,anomaly_upper_tail,soft_clearance_astar_v1,reservation_v1,False,46,46,,241,0.6666666666666666,2,0.7911140583554377,126.26858291678218,480,240,240,0.0,0.0,0,0,0,0,0,0.0,0,0,0.14130434782608695,0.022897014183326028
adaptive,static,open_water,6,marine_knownmap_path_v2_infosampled_2usv,coordinated,anomaly_upper_tail,soft_clearance_astar_v1,reservation_v1,True,44,44,182,182,1.0,3,0.6653404067197171,124.13602142863725,364,182,182,0.0,0.0,0,0,0,0,0,0.0,0,0,0.22727272727272727,0.04850903159430074
adaptive,static,open_water,7,marine_knownmap_path_v2_infosampled_2usv,coordinated,anomaly_upper_tail,soft_clearance_astar_v1,reservation_v1,True,45,45,64,64,1.0,3,0.3194076038903625,116.50686406244404,128,64,64,0.0,0.0,0,0,0,0,0,0.0,0,0,0.15555555555555556,0.024437029220996012
adaptive,static,open_water,8,marine_knownmap_path_v2_infosampled_2usv,coordinated,anomaly_upper_tail,soft_clearance_astar_v1,reservation_v1,True,17,17,174,174,1.0,3,0.6445623342175066,123.61437011479691,348,174,174,0.0,0.0,0,0,0,0,0,0.0,0,0,0.2647058823529412,0.027951484938005453
adaptive,static,open_water,9,marine_knownmap_path_v2_infosampled_2usv,coordinated,anomaly_upper_tail,soft_clearance_astar_v1,reservation_v1,True,30,30,145,145,1.0,3,0.5523872679045093,126.9413331037303,290,145,145,0.0,0.0,0,0,0,0,0,0.0,0,0,0.05,0.027468011819794556
adaptive,static,harbor_cove,0,marine_knownmap_path_v2_infosampled_2usv,coordinated,anomaly_upper_tail,soft_clearance_astar_v1,reservation_v1,True,104,104,185,185,1.0,3,0.7401315789473685,126.44747675670236,370,185,185,0.0,0.13783783783783785,0,0,0,0,0,0.0,0,0,0.3125,0.03036696841438108
adaptive,static,harbor_cove,1,marine_knownmap_path_v2_infosampled_2usv,coordinated,anomaly_upper_tail,soft_clearance_astar_v1,reservation_v1,False,72,72,,241,0.6666666666666666,2,0.8185307017543859,163.26800916667707,480,240,240,0.0,0.008333333333333333,0,0,0,0,0,0.0,0,0,0.24305555555555555,0.028938468406320066
adaptive,static,harbor_cove,2,marine_knownmap_path_v2_infosampled_2usv,coordinated,anomaly_upper_tail,soft_clearance_astar_v1,reservation_v1,False,49,49,,241,0.6666666666666666,2,0.8766447368421053,130.6427995835596,480,240,240,0.0,0.0,0,0,0,0,0,0.0,0,0,0.17346938775510204,0.024790631737309905
adaptive,static,harbor_cove,3,marine_knownmap_path_v2_infosampled_2usv,coordinated,anomaly_upper_tail,soft_clearance_astar_v1,reservation_v1,True,12,12,41,41,1.0,3,0.2650767543859649,99.07911463446132,82,41,41,0.0,0.0,0,0,0,0,0,0.0,0,0,0.0,0.03606444513220826
adaptive,static,harbor_cove,4,marine_knownmap_path_v2_infosampled_2usv,coordinated,anomaly_upper_tail,soft_clearance_astar_v1,reservation_v1,True,11,11,129,129,1.0,3,0.6047149122807017,106.36350310091949,258,129,129,0.0,0.0,0,0,0,0,0,0.0,0,0,0.3181818181818182,0.04086793882668321
adaptive,static,harbor_cove,5,marine_knownmap_path_v2_infosampled_2usv,coordinated,anomaly_upper_tail,soft_clearance_astar_v1,reservation_v1,True,65,65,150,150,1.0,3,0.678453947368421,122.07383866659559,300,150,150,0.0,0.0,0,0,0,0,0,0.0,0,0,0.2153846153846154,0.035849547323776404
adaptive,static,harbor_cove,6,marine_knownmap_path_v2_infosampled_2usv,coordinated,anomaly_upper_tail,soft_clearance_astar_v1,reservation_v1,True,19,19,224,224,1.0,3,0.8355263157894737,133.8579125000641,448,224,224,0.0,0.05803571428571429,0,0,0,0,0,0.0,0,0,0.0,0.05160494974398485
adaptive,static,harbor_cove,7,marine_knownmap_path_v2_infosampled_2usv,coordinated,anomaly_upper_tail,soft_clearance_astar_v1,reservation_v1,True,16,16,79,79,1.0,3,0.43914473684210525,101.12256708853698,158,79,79,0.0,0.0,0,0,0,0,0,0.0,0,0,0.28125,0.03683226528953085
adaptive,static,harbor_cove,8,marine_knownmap_path_v2_infosampled_2usv,coordinated,anomaly_upper_tail,soft_clearance_astar_v1,reservation_v1,True,65,65,227,227,1.0,3,0.8900767543859649,121.58972422925305,454,227,227,0.0,0.0,0,0,0,0,0,0.0,0,0,0.23846153846153847,0.02947872324395252
adaptive,static,harbor_cove,9,marine_knownmap_path_v2_infosampled_2usv,coordinated,anomaly_upper_tail,soft_clearance_astar_v1,reservation_v1,True,87,87,168,168,1.0,3,0.721765350877193,115.03848749994393,336,168,168,0.0,0.0,0,0,0,0,0,0.0,0,0,0.20114942528735633,0.038816917831545734
adaptive,static,peninsula_passage,0,marine_knownmap_path_v2_infosampled_2usv,coordinated,anomaly_upper_tail,soft_clearance_astar_v1,reservation_v1,False,92,92,,241,0.3333333333333333,1,0.8204807210816224,248.8725587500388,480,240,240,0.0,0.008333333333333333,0,0,0,0,0,0.0,0,0,0.21195652173913043,0.02574424329910173
adaptive,static,peninsula_passage,1,marine_knownmap_path_v2_infosampled_2usv,coordinated,anomaly_upper_tail,soft_clearance_astar_v1,reservation_v1,False,18,18,,241,0.6666666666666666,2,0.8868302453680521,201.12028125001112,480,240,240,0.0,0.022916666666666665,0,0,0,0,0,0.0,0,0,0.2777777777777778,0.033701461244785715
adaptive,static,peninsula_passage,2,marine_knownmap_path_v2_infosampled_2usv,coordinated,anomaly_upper_tail,soft_clearance_astar_v1,reservation_v1,False,13,13,,241,0.6666666666666666,2,0.6755132699048573,179.487209583264,480,240,240,0.0,0.008333333333333333,0,0,0,0,0,0.0,0,0,0.07692307692307693,0.03983599320062805
adaptive,static,peninsula_passage,3,marine_knownmap_path_v2_infosampled_2usv,coordinated,anomaly_upper_tail,soft_clearance_astar_v1,reservation_v1,False,165,165,,241,0.3333333333333333,1,0.7613920881321983,173.26063458313,480,240,240,0.0,0.022916666666666665,0,0,0,0,0,0.0007638888888888889,0,0,0.2545454545454545,0.023769004697544765
adaptive,static,peninsula_passage,4,marine_knownmap_path_v2_infosampled_2usv,coordinated,anomaly_upper_tail,soft_clearance_astar_v1,reservation_v1,True,39,39,216,216,1.0,3,0.6970455683525288,243.13508796310796,432,216,216,0.0,0.027777777777777776,0,0,0,0,0,0.0,0,0,0.23076923076923078,0.04331669815746858
adaptive,static,peninsula_passage,5,marine_knownmap_path_v2_infosampled_2usv,coordinated,anomaly_upper_tail,soft_clearance_astar_v1,reservation_v1,True,27,27,136,136,1.0,3,0.6129193790686029,164.00543308790316,272,136,136,0.0,0.0,0,0,0,0,0,0.0,0,0,0.14814814814814814,0.031905834155028415
adaptive,static,peninsula_passage,6,marine_knownmap_path_v2_infosampled_2usv,coordinated,anomaly_upper_tail,soft_clearance_astar_v1,reservation_v1,True,36,36,182,182,1.0,3,0.6319479218828242,162.52500274748564,364,182,182,0.0,0.005494505494505495,0,0,0,0,0,0.0,0,0,0.1111111111111111,0.028495373736943542
adaptive,static,peninsula_passage,7,marine_knownmap_path_v2_infosampled_2usv,coordinated,anomaly_upper_tail,soft_clearance_astar_v1,reservation_v1,False,168,168,,241,0.6666666666666666,2,0.7779168753129695,182.102377917181,480,240,240,0.0,0.03958333333333333,0,0,0,0,0,0.0,0,0,0.28869047619047616,0.02816774786951102
adaptive,static,peninsula_passage,8,marine_knownmap_path_v2_infosampled_2usv,coordinated,anomaly_upper_tail,soft_clearance_astar_v1,reservation_v1,False,51,51,,241,0.6666666666666666,2,0.7511266900350526,257.02216041642413,480,240,240,0.0,0.03958333333333333,0,0,0,0,0,0.0,0,0,0.10784313725490197,0.027425173313068072
adaptive,static,peninsula_passage,9,marine_knownmap_path_v2_infosampled_2usv,coordinated,anomaly_upper_tail,soft_clearance_astar_v1,reservation_v1,False,116,116,,241,0.6666666666666666,2,0.9128693039559339,225.02513958330988,480,240,240,0.0,0.027083333333333334,0,0,0,0,0,0.0,0,0,0.21120689655172414,0.027640204418954435
adaptive,random_walk,open_water,0,marine_knownmap_path_v2_infosampled_2usv,coordinated,anomaly_upper_tail,soft_clearance_astar_v1,reservation_v1,True,11,11,187,187,1.0,3,0.6637931034482759,104.74183796782808,374,187,187,0.0,0.0,0,0,0,0,0,0.0,0,0,0.36363636363636365,0.03435568646033095
adaptive,random_walk,open_water,1,marine_knownmap_path_v2_infosampled_2usv,coordinated,anomaly_upper_tail,soft_clearance_astar_v1,reservation_v1,False,21,21,,241,0.6666666666666666,2,0.8587533156498673,105.34070416676211,480,240,240,0.0,0.0,0,0,0,0,0,0.0,0,0,0.0,0.0320214310803189
adaptive,random_walk,open_water,2,marine_knownmap_path_v2_infosampled_2usv,coordinated,anomaly_upper_tail,soft_clearance_astar_v1,reservation_v1,True,76,76,170,170,1.0,3,0.6478779840848806,117.88106411734,340,170,170,0.0,0.0,0,0,0,0,0,0.0,0,0,0.25,0.02305378695901739
adaptive,random_walk,open_water,3,marine_knownmap_path_v2_infosampled_2usv,coordinated,anomaly_upper_tail,soft_clearance_astar_v1,reservation_v1,False,81,81,,241,0.6666666666666666,2,0.8627320954907162,115.65596916686142,480,240,240,0.0,0.0,0,0,0,0,0,0.0,0,0,0.2037037037037037,0.022262884225121973
adaptive,random_walk,open_water,4,marine_knownmap_path_v2_infosampled_2usv,coordinated,anomaly_upper_tail,soft_clearance_astar_v1,reservation_v1,True,179,179,198,198,1.0,3,0.7471264367816092,118.26044040432375,396,198,198,0.0,0.0,0,0,0,0,0,0.0,0,0,0.26256983240223464,0.02271773944416538
adaptive,random_walk,open_water,5,marine_knownmap_path_v2_infosampled_2usv,coordinated,anomaly_upper_tail,soft_clearance_astar_v1,reservation_v1,True,44,44,178,178,1.0,3,0.6545092838196287,116.4094797749886,356,178,178,0.0,0.0,0,0,0,0,0,0.0,0,0,0.125,0.02308162011434836
adaptive,random_walk,open_water,6,marine_knownmap_path_v2_infosampled_2usv,coordinated,anomaly_upper_tail,soft_clearance_astar_v1,reservation_v1,False,24,24,,241,0.6666666666666666,2,0.8578691423519009,118.83490208347212,480,240,240,0.0,0.0125,0,0,0,0,0,0.0,0,0,0.0,0.032518489318081434
adaptive,random_walk,open_water,7,marine_knownmap_path_v2_infosampled_2usv,coordinated,anomaly_upper_tail,soft_clearance_astar_v1,reservation_v1,True,43,43,76,76,1.0,3,0.3547745358090186,110.5212986844172,152,76,76,0.0,0.11842105263157894,0,0,0,0,0,0.0,0,0,0.16279069767441862,0.024734368331532842
adaptive,random_walk,open_water,8,marine_knownmap_path_v2_infosampled_2usv,coordinated,anomaly_upper_tail,soft_clearance_astar_v1,reservation_v1,False,39,39,,241,0.6666666666666666,2,0.8618479221927497,125.12603333340546,480,240,240,0.0,0.05625,0,0,0,0,0,0.0,0,0,0.05128205128205128,0.034296469494871216
adaptive,random_walk,open_water,9,marine_knownmap_path_v2_infosampled_2usv,coordinated,anomaly_upper_tail,soft_clearance_astar_v1,reservation_v1,True,30,30,174,174,1.0,3,0.7035809018567639,139.27021379281175,348,174,174,0.0,0.0,0,0,0,0,0,0.0,0,0,0.05,0.02622254089427271
adaptive,random_walk,harbor_cove,0,marine_knownmap_path_v2_infosampled_2usv,coordinated,anomaly_upper_tail,soft_clearance_astar_v1,reservation_v1,True,152,152,223,223,1.0,3,0.8571820175438597,109.6231008968196,446,223,223,0.0,0.026905829596412557,0,0,0,0,0,0.0,0,0,0.23355263157894737,0.02401889048805868
adaptive,random_walk,harbor_cove,1,marine_knownmap_path_v2_infosampled_2usv,coordinated,anomaly_upper_tail,soft_clearance_astar_v1,reservation_v1,True,147,147,239,239,1.0,3,0.8385416666666666,114.84237029309122,478,239,239,0.0,0.0,0,0,0,0,0,0.0,0,0,0.19387755102040816,0.024962866080903957
adaptive,random_walk,harbor_cove,2,marine_knownmap_path_v2_infosampled_2usv,coordinated,anomaly_upper_tail,soft_clearance_astar_v1,reservation_v1,False,64,64,,241,0.6666666666666666,2,0.856359649122807,111.31502541687344,480,240,240,0.0,0.0,0,0,0,0,0,0.0,0,0,0.375,0.03622690255321984
adaptive,random_walk,harbor_cove,3,marine_knownmap_path_v2_infosampled_2usv,coordinated,anomaly_upper_tail,soft_clearance_astar_v1,reservation_v1,True,7,7,128,128,1.0,3,0.5863486842105263,120.99756953119822,256,128,128,0.0,0.0,0,0,0,0,0,0.0,0,0,0.35714285714285715,0.038809615664025375
adaptive,random_walk,harbor_cove,4,marine_knownmap_path_v2_infosampled_2usv,coordinated,anomaly_upper_tail,soft_clearance_astar_v1,reservation_v1,True,19,19,116,116,1.0,3,0.5825109649122807,119.46596120682882,232,116,116,0.0,0.0,0,0,0,0,0,0.0,0,0,0.0,0.03622351481924792
adaptive,random_walk,harbor_cove,5,marine_knownmap_path_v2_infosampled_2usv,coordinated,anomaly_upper_tail,soft_clearance_astar_v1,reservation_v1,False,60,60,,241,0.6666666666666666,2,0.8116776315789473,112.1908275000654,480,240,240,0.0,0.08958333333333333,0,0,0,0,0,0.0,0,0,0.2,0.0398825291287868
adaptive,random_walk,harbor_cove,6,marine_knownmap_path_v2_infosampled_2usv,coordinated,anomaly_upper_tail,soft_clearance_astar_v1,reservation_v1,True,16,16,78,78,1.0,3,0.4602521929824561,115.04790897491218,156,78,78,0.0,0.0,0,0,0,0,0,0.0,0,0,0.0625,0.050638291017744565
adaptive,random_walk,harbor_cove,7,marine_knownmap_path_v2_infosampled_2usv,coordinated,anomaly_upper_tail,soft_clearance_astar_v1,reservation_v1,False,,241,,241,0.0,0,0.7946820175438597,107.96420166640625,480,240,240,0.0,0.04791666666666667,0,0,0,0,0,0.0,0,0,0.23125,0.030914927775664066
adaptive,random_walk,harbor_cove,8,marine_knownmap_path_v2_infosampled_2usv,coordinated,anomaly_upper_tail,soft_clearance_astar_v1,reservation_v1,False,63,63,,241,0.6666666666666666,2,0.8168859649122807,112.10901750012756,480,240,240,0.0,0.05416666666666667,0,0,0,0,0,0.0,0,0,0.18253968253968253,0.02827672927346867
adaptive,random_walk,harbor_cove,9,marine_knownmap_path_v2_infosampled_2usv,coordinated,anomaly_upper_tail,soft_clearance_astar_v1,reservation_v1,False,71,71,,241,0.6666666666666666,2,0.8845942982456141,119.59092416670198,480,240,240,0.0,0.0,0,0,0,0,0,0.0,0,0,0.19718309859154928,0.03520814696924135
adaptive,random_walk,peninsula_passage,0,marine_knownmap_path_v2_infosampled_2usv,coordinated,anomaly_upper_tail,soft_clearance_astar_v1,reservation_v1,False,47,47,,241,0.6666666666666666,2,0.9126189283925888,134.55183416651076,480,240,240,0.0,0.08958333333333333,0,0,0,0,0,0.003125,0,0,0.32978723404255317,0.039895784647712824
adaptive,random_walk,peninsula_passage,1,marine_knownmap_path_v2_infosampled_2usv,coordinated,anomaly_upper_tail,soft_clearance_astar_v1,reservation_v1,False,34,34,,241,0.6666666666666666,2,0.8477716574862293,157.12899499988757,480,240,240,0.0,0.06041666666666667,0,0,0,0,0,0.0,0,0,0.08823529411764706,0.03348290784060468
adaptive,random_walk,peninsula_passage,2,marine_knownmap_path_v2_infosampled_2usv,coordinated,anomaly_upper_tail,soft_clearance_astar_v1,reservation_v1,True,11,11,149,149,1.0,3,0.5235353029544316,169.7853530198785,298,149,149,0.0,0.0,0,0,0,0,0,0.0,0,0,0.0,0.05197027428899446
adaptive,random_walk,peninsula_passage,3,marine_knownmap_path_v2_infosampled_2usv,coordinated,anomaly_upper_tail,soft_clearance_astar_v1,reservation_v1,True,123,123,177,177,1.0,3,0.6895343014521783,139.40517514112727,354,177,177,0.0,0.05084745762711865,0,0,0,0,0,0.0,0,0,0.2032520325203252,0.025853658829667142
adaptive,random_walk,peninsula_passage,4,marine_knownmap_path_v2_infosampled_2usv,coordinated,anomaly_upper_tail,soft_clearance_astar_v1,reservation_v1,False,25,25,,241,0.6666666666666666,2,0.8868302453680521,153.5556741668794,480,240,240,0.0,0.04791666666666667,0,0,0,0,0,0.0,0,0,0.22,0.03399249111367121
adaptive,random_walk,peninsula_passage,5,marine_knownmap_path_v2_infosampled_2usv,coordinated,anomaly_upper_tail,soft_clearance_astar_v1,reservation_v1,True,24,24,141,141,1.0,3,0.6477215823735604,140.3714460996248,282,141,141,0.0,0.06028368794326241,0,0,0,0,0,0.0,0,0,0.22916666666666666,0.029069614596543874
adaptive,random_walk,peninsula_passage,6,marine_knownmap_path_v2_infosampled_2usv,coordinated,anomaly_upper_tail,soft_clearance_astar_v1,reservation_v1,True,40,40,234,234,1.0,3,0.8610415623435153,137.30109316206952,468,234,234,0.0,0.042735042735042736,0,0,0,0,0,0.0,0,0,0.1375,0.027877838757029722
adaptive,random_walk,peninsula_passage,7,marine_knownmap_path_v2_infosampled_2usv,coordinated,anomaly_upper_tail,soft_clearance_astar_v1,reservation_v1,False,140,140,,241,0.6666666666666666,2,0.7538808212318477,151.5570987498298,480,240,240,0.0,0.04583333333333333,0,0,0,0,0,0.0,0,0,0.21785714285714286,0.025238814479347206
adaptive,random_walk,peninsula_passage,8,marine_knownmap_path_v2_infosampled_2usv,coordinated,anomaly_upper_tail,soft_clearance_astar_v1,reservation_v1,True,82,82,137,137,1.0,3,0.49248873309964947,148.98743722621813,274,137,137,0.0,0.0,0,0,0,0,0,0.0,0,0,0.23780487804878048,0.030829769617523758
adaptive,random_walk,peninsula_passage,9,marine_knownmap_path_v2_infosampled_2usv,coordinated,anomaly_upper_tail,soft_clearance_astar_v1,reservation_v1,False,119,119,,241,0.6666666666666666,2,0.8540310465698547,145.68411208316925,480,240,240,0.0,0.17708333333333334,0,0,0,0,0,0.0,0,0,0.3487394957983193,0.028068641664243145
no_kappa,static,open_water,0,marine_knownmap_path_v2_infosampled_2usv,coordinated,anomaly_upper_tail,soft_clearance_astar_v1,reservation_v1,True,7,7,115,115,1.0,3,0.5163572060123784,119.78059391245631,230,115,115,0.0,0.0391304347826087,0,0,0,0,0,0.0,0,0,0.6428571428571429,0.03614228836715582
no_kappa,static,open_water,1,marine_knownmap_path_v2_infosampled_2usv,coordinated,anomaly_upper_tail,soft_clearance_astar_v1,reservation_v1,False,37,37,,241,0.6666666666666666,2,0.7862511052166224,132.66515291685815,480,240,240,0.0,0.027083333333333334,0,0,0,0,0,0.0,0,0,0.28378378378378377,0.03575809199515495
no_kappa,static,open_water,2,marine_knownmap_path_v2_infosampled_2usv,coordinated,anomaly_upper_tail,soft_clearance_astar_v1,reservation_v1,True,96,96,155,155,1.0,3,0.6080901856763926,121.59589806439227,310,155,155,0.0,0.0,0,0,0,0,0,0.0,0,0,0.24479166666666666,0.026540442132941558
no_kappa,static,open_water,3,marine_knownmap_path_v2_infosampled_2usv,coordinated,anomaly_upper_tail,soft_clearance_astar_v1,reservation_v1,False,67,67,,241,0.6666666666666666,2,0.8404067197170646,146.62022500021217,480,240,240,0.0,0.016666666666666666,0,0,0,0,0,0.0,0,0,0.23134328358208955,0.0198959373084451
no_kappa,static,open_water,4,marine_knownmap_path_v2_infosampled_2usv,coordinated,anomaly_upper_tail,soft_clearance_astar_v1,reservation_v1,False,57,57,,241,0.6666666666666666,2,0.8510167992926614,152.73409791661834,480,240,240,0.0,0.03958333333333333,0,0,0,0,0,0.0,0,0,0.20175438596491227,0.023723192750684467
no_kappa,static,open_water,5,marine_knownmap_path_v2_infosampled_2usv,coordinated,anomaly_upper_tail,soft_clearance_astar_v1,reservation_v1,True,46,46,207,207,1.0,3,0.7318744473916887,124.36098598997144,414,207,207,0.0,0.0,0,0,0,0,0,0.0,0,0,0.15217391304347827,0.022897014183326028
no_kappa,static,open_water,6,marine_knownmap_path_v2_infosampled_2usv,coordinated,anomaly_upper_tail,soft_clearance_astar_v1,reservation_v1,True,25,25,52,52,1.0,3,0.2541998231653404,107.46417115338912,104,52,52,0.0,0.028846153846153848,0,0,0,0,0,0.0,0,0,0.18,0.034286854634113864
no_kappa,static,open_water,7,marine_knownmap_path_v2_infosampled_2usv,coordinated,anomaly_upper_tail,soft_clearance_astar_v1,reservation_v1,True,45,45,156,156,1.0,3,0.6153846153846154,122.14275961531922,312,156,156,0.0,0.0,0,0,0,0,0,0.0,0,0,0.24444444444444444,0.02442643419887923
no_kappa,static,open_water,8,marine_knownmap_path_v2_infosampled_2usv,coordinated,anomaly_upper_tail,soft_clearance_astar_v1,reservation_v1,False,19,19,,241,0.6666666666666666,2,0.76105216622458,138.64728124984444,480,240,240,0.0,0.016666666666666666,0,0,0,0,0,0.0,0,0,0.21052631578947367,0.02782295572155389
no_kappa,static,open_water,9,marine_knownmap_path_v2_infosampled_2usv,coordinated,anomaly_upper_tail,soft_clearance_astar_v1,reservation_v1,False,29,29,,241,0.6666666666666666,2,0.7897877984084881,139.3429529168922,480,240,240,0.0,0.0,0,0,0,0,0,0.0,0,0,0.05172413793103448,0.02681363045128374
no_kappa,static,harbor_cove,0,marine_knownmap_path_v2_infosampled_2usv,coordinated,anomaly_upper_tail,soft_clearance_astar_v1,reservation_v1,True,152,152,239,239,1.0,3,0.8914473684210527,115.13030920514402,478,239,239,0.0,0.010460251046025104,0,0,0,0,0,0.0,0,0,0.3157894736842105,0.03283985387221922
no_kappa,static,harbor_cove,1,marine_knownmap_path_v2_infosampled_2usv,coordinated,anomaly_upper_tail,soft_clearance_astar_v1,reservation_v1,False,40,40,,241,0.6666666666666666,2,0.8086622807017544,130.37150958349835,480,240,240,0.0,0.0,0,0,0,0,0,0.0,0,0,0.2625,0.03434846786040297
no_kappa,static,harbor_cove,2,marine_knownmap_path_v2_infosampled_2usv,coordinated,anomaly_upper_tail,soft_clearance_astar_v1,reservation_v1,False,49,49,,241,0.6666666666666666,2,0.9035087719298246,133.61059083338964,480,240,240,0.0,0.004166666666666667,0,0,0,0,0,0.0,0,0,0.20408163265306123,0.024654144189406025
no_kappa,static,harbor_cove,3,marine_knownmap_path_v2_infosampled_2usv,coordinated,anomaly_upper_tail,soft_clearance_astar_v1,reservation_v1,True,12,12,40,40,1.0,3,0.25219298245614036,99.75734250001551,80,40,40,0.0,0.0,0,0,0,0,0,0.0,0,0,0.20833333333333334,0.03606444513220826
no_kappa,static,harbor_cove,4,marine_knownmap_path_v2_infosampled_2usv,coordinated,anomaly_upper_tail,soft_clearance_astar_v1,reservation_v1,True,11,11,149,149,1.0,3,0.674890350877193,115.20934563812615,298,149,149,0.0,0.053691275167785234,0,0,0,0,0,0.0,0,0,0.3181818181818182,0.04086793882668321
no_kappa,static,harbor_cove,5,marine_knownmap_path_v2_infosampled_2usv,coordinated,anomaly_upper_tail,soft_clearance_astar_v1,reservation_v1,False,52,52,,241,0.6666666666666666,2,0.8908991228070176,126.6694645836651,480,240,240,0.0,0.0,0,0,0,0,0,0.0,0,0,0.3173076923076923,0.03641138189251159
no_kappa,static,harbor_cove,6,marine_knownmap_path_v2_infosampled_2usv,coordinated,anomaly_upper_tail,soft_clearance_astar_v1,reservation_v1,True,19,19,204,204,1.0,3,0.8050986842105263,150.0857112746684,408,204,204,0.0,0.007352941176470588,0,0,0,0,0,0.0,0,0,0.15789473684210525,0.05160494974398485
no_kappa,static,harbor_cove,7,marine_knownmap_path_v2_infosampled_2usv,coordinated,anomaly_upper_tail,soft_clearance_astar_v1,reservation_v1,False,16,16,,241,0.6666666666666666,2,0.8382675438596491,135.68904500007193,480,240,240,0.0,0.05,0,0,0,0,0,0.0,0,0,0.40625,0.03683226528953085
no_kappa,static,harbor_cove,8,marine_knownmap_path_v2_infosampled_2usv,coordinated,anomaly_upper_tail,soft_clearance_astar_v1,reservation_v1,True,65,65,141,141,1.0,3,0.6680372807017544,134.15004255321102,282,141,141,0.0,0.0,0,0,0,0,0,0.0,0,0,0.25384615384615383,0.030104478912611598
no_kappa,static,harbor_cove,9,marine_knownmap_path_v2_infosampled_2usv,coordinated,anomaly_upper_tail,soft_clearance_astar_v1,reservation_v1,True,27,27,229,229,1.0,3,0.834703947368421,152.09264323147374,458,229,229,0.0,0.008733624454148471,0,0,0,0,0,0.0,0,0,0.46296296296296297,0.048892846899621555
no_kappa,static,peninsula_passage,0,marine_knownmap_path_v2_infosampled_2usv,coordinated,anomaly_upper_tail,soft_clearance_astar_v1,reservation_v1,False,92,92,,241,0.6666666666666666,2,0.871557336004006,180.64702583357453,480,240,240,0.0,0.058333333333333334,0,0,0,0,0,0.0,0,0,0.266304347826087,0.028719406968807898
no_kappa,static,peninsula_passage,1,marine_knownmap_path_v2_infosampled_2usv,coordinated,anomaly_upper_tail,soft_clearance_astar_v1,reservation_v1,True,17,17,100,100,1.0,3,0.4799699549323986,166.3100089996442,200,100,100,0.0,0.055,0,0,0,0,0,0.0,0,0,0.5,0.03359368663820325
no_kappa,static,peninsula_passage,2,marine_knownmap_path_v2_infosampled_2usv,coordinated,anomaly_upper_tail,soft_clearance_astar_v1,reservation_v1,False,13,13,,241,0.6666666666666666,2,0.6827741612418627,169.23394541687836,480,240,240,0.0,0.04791666666666667,0,0,0,0,0,0.0023313492063492063,0,0,0.4230769230769231,0.03983599320062805
no_kappa,static,peninsula_passage,3,marine_knownmap_path_v2_infosampled_2usv,coordinated,anomaly_upper_tail,soft_clearance_astar_v1,reservation_v1,False,176,176,,241,0.3333333333333333,1,0.7371056584877316,173.18814375015185,480,240,240,0.0,0.004166666666666667,0,0,0,0,0,0.0,0,0,0.21022727272727273,0.024179429760394434
no_kappa,static,peninsula_passage,4,marine_knownmap_path_v2_infosampled_2usv,coordinated,anomaly_upper_tail,soft_clearance_astar_v1,reservation_v1,False,39,39,,241,0.6666666666666666,2,0.8187280921382073,216.80613375007547,480,240,240,0.0,0.0,0,0,0,0,0,0.0,0,0,0.2948717948717949,0.04346359425057361
no_kappa,static,peninsula_passage,5,marine_knownmap_path_v2_infosampled_2usv,coordinated,anomaly_upper_tail,soft_clearance_astar_v1,reservation_v1,False,27,27,,241,0.6666666666666666,2,0.685027541311968,156.18795708354205,480,240,240,0.0,0.025,0,0,0,0,0,0.0,0,0,0.25925925925925924,0.031923982873222526
no_kappa,static,peninsula_passage,6,marine_knownmap_path_v2_infosampled_2usv,coordinated,anomaly_upper_tail,soft_clearance_astar_v1,reservation_v1,False,35,35,,241,0.6666666666666666,2,0.6452178267401102,188.31845999987613,480,240,240,0.0,0.020833333333333332,0,0,0,0,0,0.0,0,0,0.15714285714285714,0.028692111225892134
no_kappa,static,peninsula_passage,7,marine_knownmap_path_v2_infosampled_2usv,coordinated,anomaly_upper_tail,soft_clearance_astar_v1,reservation_v1,True,68,68,117,117,1.0,3,0.5548322483725588,150.90619914553827,234,117,117,0.0,0.004273504273504274,0,0,0,0,0,0.0,0,0,0.051470588235294115,0.02619835044559166
no_kappa,static,peninsula_passage,8,marine_knownmap_path_v2_infosampled_2usv,coordinated,anomaly_upper_tail,soft_clearance_astar_v1,reservation_v1,True,46,46,177,177,1.0,3,0.557836755132699,162.14228926553216,354,177,177,0.0,0.031073446327683617,0,0,0,0,0,0.0,0,0,0.13043478260869565,0.027818231495576485
no_kappa,static,peninsula_passage,9,marine_knownmap_path_v2_infosampled_2usv,coordinated,anomaly_upper_tail,soft_clearance_astar_v1,reservation_v1,False,130,130,,241,0.3333333333333333,1,0.7441161742613921,198.43575458323053,480,240,240,0.0,0.014583333333333334,0,0,0,0,0,0.0,0,0,0.24615384615384617,0.024156685005037436
no_kappa,random_walk,open_water,0,marine_knownmap_path_v2_infosampled_2usv,coordinated,anomaly_upper_tail,soft_clearance_astar_v1,reservation_v1,True,11,11,84,84,1.0,3,0.4140141467727675,117.07343095310664,168,84,84,0.0,0.0,0,0,0,0,0,0.0,0,0,0.4090909090909091,0.03435568646033095
no_kappa,random_walk,open_water,1,marine_knownmap_path_v2_infosampled_2usv,coordinated,anomaly_upper_tail,soft_clearance_astar_v1,reservation_v1,False,21,21,,241,0.6666666666666666,2,0.8410698496905393,107.62891249999787,480,240,240,0.0,0.022916666666666665,0,0,0,0,0,0.0,0,0,0.35714285714285715,0.031907919743957486
no_kappa,random_walk,open_water,2,marine_knownmap_path_v2_infosampled_2usv,coordinated,anomaly_upper_tail,soft_clearance_astar_v1,reservation_v1,False,82,82,,241,0.6666666666666666,2,0.8154288240495137,113.30460666625488,480,240,240,0.0,0.0,0,0,0,0,0,0.0,0,0,0.25,0.023588417936699364
no_kappa,random_walk,open_water,3,marine_knownmap_path_v2_infosampled_2usv,coordinated,anomaly_upper_tail,soft_clearance_astar_v1,reservation_v1,True,68,68,221,221,1.0,3,0.7904509283819628,127.35839502245786,442,221,221,0.0,0.09502262443438914,0,0,0,0,0,0.0,0,0,0.23529411764705882,0.023998626163739944
no_kappa,random_walk,open_water,4,marine_knownmap_path_v2_infosampled_2usv,coordinated,anomaly_upper_tail,soft_clearance_astar_v1,reservation_v1,True,149,149,206,206,1.0,3,0.7568523430592397,115.26297475712869,412,206,206,0.0,0.0,0,0,0,0,0,0.0,0,0,0.22483221476510068,0.02130009685739284
no_kappa,random_walk,open_water,5,marine_knownmap_path_v2_infosampled_2usv,coordinated,anomaly_upper_tail,soft_clearance_astar_v1,reservation_v1,False,44,44,,241,0.6666666666666666,2,0.8580901856763926,113.598599166653,480,240,240,0.0,0.0375,0,0,0,0,0,0.0,0,0,0.14772727272727273,0.02308162011434836
no_kappa,random_walk,open_water,6,marine_knownmap_path_v2_infosampled_2usv,coordinated,anomaly_upper_tail,soft_clearance_astar_v1,reservation_v1,False,24,24,,241,0.6666666666666666,2,0.8715738284703802,117.9264216667131,480,240,240,0.0,0.008333333333333333,0,0,0,0,0,0.0,0,0,0.125,0.032518489318081434
no_kappa,random_walk,open_water,7,marine_knownmap_path_v2_infosampled_2usv,coordinated,anomaly_upper_tail,soft_clearance_astar_v1,reservation_v1,True,43,43,176,176,1.0,3,0.6496463306808135,104.04482727290087,352,176,176,0.0,0.03125,0,0,0,0,0,0.0,0,0,0.19767441860465115,0.024734368331532842
no_kappa,random_walk,open_water,8,marine_knownmap_path_v2_infosampled_2usv,coordinated,anomaly_upper_tail,soft_clearance_astar_v1,reservation_v1,False,72,72,,241,0.6666666666666666,2,0.8583112290008842,105.5902175003818,480,240,240,0.0,0.027083333333333334,0,0,0,0,0,0.0,0,0,0.2847222222222222,0.028422160372806028
no_kappa,random_walk,open_water,9,marine_knownmap_path_v2_infosampled_2usv,coordinated,anomaly_upper_tail,soft_clearance_astar_v1,reservation_v1,True,30,30,173,173,1.0,3,0.7053492484526968,116.23778497100226,346,173,173,0.0,0.005780346820809248,0,0,0,0,0,0.0,0,0,0.05,0.02622254089427271
no_kappa,random_walk,harbor_cove,0,marine_knownmap_path_v2_infosampled_2usv,coordinated,anomaly_upper_tail,soft_clearance_astar_v1,reservation_v1,True,55,55,159,159,1.0,3,0.7042214912280702,113.96394654112332,318,159,159,0.0,0.0440251572327044,0,0,0,0,0,0.0,0,0,0.16363636363636364,0.028129280971512786
no_kappa,random_walk,harbor_cove,1,marine_knownmap_path_v2_infosampled_2usv,coordinated,anomaly_upper_tail,soft_clearance_astar_v1,reservation_v1,False,70,70,,241,0.6666666666666666,2,0.8881578947368421,105.22583583309218,480,240,240,0.0,0.0,0,0,0,0,0,0.0,0,0,0.25,0.028600361518280618
no_kappa,random_walk,harbor_cove,2,marine_knownmap_path_v2_infosampled_2usv,coordinated,anomaly_upper_tail,soft_clearance_astar_v1,reservation_v1,True,45,45,208,208,1.0,3,0.8270285087719298,107.40493173037837,416,208,208,0.0,0.021634615384615384,0,0,0,0,0,0.0,0,0,0.23333333333333334,0.02763498156223176
no_kappa,random_walk,harbor_cove,3,marine_knownmap_path_v2_infosampled_2usv,coordinated,anomaly_upper_tail,soft_clearance_astar_v1,reservation_v1,True,7,7,47,47,1.0,3,0.28536184210526316,110.31449361666517,94,47,47,0.0,0.02127659574468085,0,0,0,0,0,0.0,0,0,0.35714285714285715,0.038809615664025375
no_kappa,random_walk,harbor_cove,4,marine_knownmap_path_v2_infosampled_2usv,coordinated,anomaly_upper_tail,soft_clearance_astar_v1,reservation_v1,True,19,19,108,108,1.0,3,0.5668859649122807,118.83443148137842,216,108,108,0.0,0.0,0,0,0,0,0,0.0,0,0,0.21052631578947367,0.03660636236948218
no_kappa,random_walk,harbor_cove,5,marine_knownmap_path_v2_infosampled_2usv,coordinated,anomaly_upper_tail,soft_clearance_astar_v1,reservation_v1,True,18,18,145,145,1.0,3,0.625,117.04035310364722,290,145,145,0.0,0.0,0,0,0,0,0,0.0,0,0,0.1111111111111111,0.03927185591005663
no_kappa,random_walk,harbor_cove,6,marine_knownmap_path_v2_infosampled_2usv,coordinated,anomaly_upper_tail,soft_clearance_astar_v1,reservation_v1,False,15,15,,241,0.6666666666666666,2,0.8601973684210527,117.92665958334207,480,240,240,0.0,0.022916666666666665,0,0,0,0,0,0.0,0,0,0.06666666666666667,0.04643119470089234
no_kappa,random_walk,harbor_cove,7,marine_knownmap_path_v2_infosampled_2usv,coordinated,anomaly_upper_tail,soft_clearance_astar_v1,reservation_v1,True,62,62,152,152,1.0,3,0.6894188596491229,113.82365197373713,304,152,152,0.0,0.02631578947368421,0,0,0,0,0,0.0,0,0,0.22580645161290322,0.03757646437673362
no_kappa,random_walk,harbor_cove,8,marine_knownmap_path_v2_infosampled_2usv,coordinated,anomaly_upper_tail,soft_clearance_astar_v1,reservation_v1,False,122,122,,241,0.6666666666666666,2,0.8963815789473685,101.62805791660503,480,240,240,0.0,0.0,0,0,0,0,0,0.0,0,0,0.24180327868852458,0.02639855321230049
no_kappa,random_walk,harbor_cove,9,marine_knownmap_path_v2_infosampled_2usv,coordinated,anomaly_upper_tail,soft_clearance_astar_v1,reservation_v1,True,31,31,114,114,1.0,3,0.565515350877193,113.99408245600634,228,114,114,0.0,0.04824561403508772,0,0,0,0,0,0.0,0,0,0.2903225806451613,0.03982289739687575
no_kappa,random_walk,peninsula_passage,0,marine_knownmap_path_v2_infosampled_2usv,coordinated,anomaly_upper_tail,soft_clearance_astar_v1,reservation_v1,False,146,146,,241,0.6666666666666666,2,0.8905858788182274,128.36066249992655,480,240,240,0.0,0.025,0,0,0,0,0,0.0,0,0,0.2671232876712329,0.03336060141682396
no_kappa,random_walk,peninsula_passage,1,marine_knownmap_path_v2_infosampled_2usv,coordinated,anomaly_upper_tail,soft_clearance_astar_v1,reservation_v1,False,16,16,,241,0.6666666666666666,2,0.871807711567351,148.45170083332656,480,240,240,0.0,0.07916666666666666,0,0,0,0,0,0.0,0,0,0.4375,0.03581801910226181
no_kappa,random_walk,peninsula_passage,2,marine_knownmap_path_v2_infosampled_2usv,coordinated,anomaly_upper_tail,soft_clearance_astar_v1,reservation_v1,False,11,11,,241,0.6666666666666666,2,0.8299949924887331,163.27916750005897,480,240,240,0.0,0.09583333333333334,0,0,0,0,0,0.0,0,0,0.5454545454545454,0.05189280535756665
no_kappa,random_walk,peninsula_passage,3,marine_knownmap_path_v2_infosampled_2usv,coordinated,anomaly_upper_tail,soft_clearance_astar_v1,reservation_v1,True,88,88,235,235,1.0,3,0.8382573860791187,150.1873268088836,470,235,235,0.0,0.04042553191489362,0,0,0,0,0,0.0,0,0,0.25,0.02677308783330384
no_kappa,random_walk,peninsula_passage,4,marine_knownmap_path_v2_infosampled_2usv,coordinated,anomaly_upper_tail,soft_clearance_astar_v1,reservation_v1,True,25,25,149,149,1.0,3,0.6524787180771157,159.67841208060804,298,149,149,0.0,0.06711409395973154,0,0,0,0,0,0.0,0,0,0.32,0.0341277732406277
no_kappa,random_walk,peninsula_passage,5,marine_knownmap_path_v2_infosampled_2usv,coordinated,anomaly_upper_tail,soft_clearance_astar_v1,reservation_v1,True,24,24,209,209,1.0,3,0.7558838257386079,150.78205311004297,418,209,209,0.0,0.07894736842105263,0,0,0,0,0,0.0,0,0,0.2708333333333333,0.029065285778307037
no_kappa,random_walk,peninsula_passage,6,marine_knownmap_path_v2_infosampled_2usv,coordinated,anomaly_upper_tail,soft_clearance_astar_v1,reservation_v1,True,41,41,164,164,1.0,3,0.5803705558337506,149.3107176828766,328,164,164,0.0,0.003048780487804878,0,0,0,0,0,0.0,0,0,0.13414634146341464,0.02757879628591516
no_kappa,random_walk,peninsula_passage,7,marine_knownmap_path_v2_infosampled_2usv,coordinated,anomaly_upper_tail,soft_clearance_astar_v1,reservation_v1,True,73,73,149,149,1.0,3,0.6231847771657486,162.91972550336152,298,149,149,0.0,0.06040268456375839,0,0,0,0,0,0.0,0,0,0.2602739726027397,0.026398781702665443
no_kappa,random_walk,peninsula_passage,8,marine_knownmap_path_v2_infosampled_2usv,coordinated,anomaly_upper_tail,soft_clearance_astar_v1,reservation_v1,False,77,77,,241,0.3333333333333333,1,0.7601402103154732,139.97894916695563,480,240,240,0.0,0.041666666666666664,0,0,0,0,0,0.0,0,0,0.3051948051948052,0.03186469925567264
no_kappa,random_walk,peninsula_passage,9,marine_knownmap_path_v2_infosampled_2usv,coordinated,anomaly_upper_tail,soft_clearance_astar_v1,reservation_v1,True,78,78,216,216,1.0,3,0.7696544817225839,141.88569861104313,432,216,216,0.0,0.14814814814814814,0,0,0,0,0,0.0,0,0,0.26282051282051283,0.022896258189762073
